,Unnamed: 0,Unnamed: 1,Unnamed: 2,Unnamed: 3,Unnamed: 4,Unnamed: 5,Unnamed: 6,Unnamed: 7,Unnamed: 8,Unnamed: 9,Unnamed: 10,Unnamed: 11,Unnamed: 12,Unnamed: 13,Unnamed: 14,Unnamed: 15,Unnamed: 16,Unnamed: 17,Unnamed: 18,Unnamed: 19,Unnamed: 20,Unnamed: 21,Unnamed: 22,Unnamed: 23,Unnamed: 24,Unnamed: 25,Unnamed: 26,Unnamed: 27,Unnamed: 28,Unnamed: 29,Unnamed: 30,Unnamed: 31,Unnamed: 32,Unnamed: 33,Unnamed: 34,Unnamed: 35,Unnamed: 36,Unnamed: 37,Unnamed: 38,Unnamed: 39,Unnamed: 40,Unnamed: 41,Unnamed: 42
0,,,,,,,,,,,,,,,,,,,,,,,,,,,,,,,,,,,,,,,,,,,
1,Postcode1,Non-taxable individuals4,Taxable individuals2,Taxable income or loss ,Mean taxable income5,Total imputation credits6 ,,Net tax ,,Mean net tax7,Net tax ratio8,Gross interest ,,Gross tax ,,Assessments issued ,,Net rent ,,Net capital gain ,,Total income or loss9 ,,Total deductions10,,Total tax offsets & credits allowed11,,Net business income/loss-PP ,,Net business income/loss-NPP ,,Salary or wages ,,Medicare levy ,,Medicare levy surcharge ,,Total work related expenses ,,Comm of Aust benefits & payments ,,HECS assessment debt ,
2,,no.,no.,$,$,no.,$,no.,$,$,%,no.,$,no.,$,no.,$,no.,$,no.,$,no.,$,no.,$,no.,$,no.,$,no.,$,no.,$,no.,$,no.,$,no.,$,no.,$,no.,$
3,5000,632,3617,168440341,46569,1188,4045664,3617,46697031,12910,27.7,1491,2379014,3614,45465655,3617,34449819,504,458907,471,3084886,3616,177813953,2925,9352993,2229,5271165,50,-1690857,390,15169124,2970,116331571,3024,2312036,111,64340,2302,5169774,397,1434628,367,678791
4,5001,489,337,17500393,51930,135,858026,337,5339070,15843,30.5,139,359832,335,5244194,337,3389873,79,156099,53,441807,336,18344547,260,841163,199,1018272,5,-2989,34,633188,210,9398932,253,236228,5,8471,149,332497,12,35762,8,13575
5,5006,549,3310,204304058,61723,1445,12577725,3310,64830676,19586,31.7,1652,5003078,3306,63750580,3310,38236962,547,127831,557,5719941,3309,218457391,2736,14131571,2278,14471239,46,-914440,350,15164194,2578,110230484,2825,2841381,88,47164,2010,5259832,283,1032375,274,504935
6,5007,464,2409,85615134,35540,572,494264,2409,19396516,8052,22.7,838,580908,2409,18727981,2409,17683011,321,-46293,212,760581,2409,89673558,2090,4045790,1414,1108208,9,-114473,203,3631870,2123,73679766,2027,1184413,55,29625,1837,2716479,311,1131895,212,371061
7,5008,956,4683,150313588,32098,1064,618564,4683,31266610,6677,20.8,1630,1477932,4682,30140918,4682,29011202,588,292056,336,1148174,4683,155638175,4150,5310259,2833,1681710,19,-29959,364,5586354,4115,130139047,3874,2055648,51,26874,3631,3977013,629,2407957,260,423807
8,5009,407,2052,69494029,33866,538,346769,2052,15077263,7348,21.7,721,804290,2052,14511121,2052,13907104,273,71191,190,842402,2052,72291649,1795,2790587,1288,826223,9,76527,150,2634103,1789,59804165,1731,966295,31,18733,1556,2056637,233,829997,101,166975
9,5010,244,1095,31181438,28476,113,38842,1095,5930504,5416,19,258,128836,1095,5789046,1095,5826903,58,7388,32,52164,1095,32092886,955,910189,642,327459,5,-27951,49,703192,1011,28371307,837,406548,12,6210,882,799797,222,856061,44,73099
10,5011,762,3768,125353325,33268,915,609425,3768,26591132,7057,21.2,1413,1393231,3768,25770663,3768,24313920,451,-117593,320,863022,3768,130241020,3369,4873253,2307,1631518,15,-71197,248,4063356,3268,106816552,3155,1714879,34,20434,2929,3423577,395,1355211,154,222694
11,5012,605,2282,65086446,28522,274,53312,2282,12438117,5451,19.1,561,528248,2282,12131415,2282,11739871,188,216809,88,151317,2282,67409565,1988,2317060,1403,644931,9,39845,142,2484956,2010,56418396,1762,845317,29,16003,1804,1752708,484,1917116,96,161266
12,5013,719,3302,101838655,30842,430,358163,3302,20662989,6258,20.3,849,736152,3302,20101650,3301,19258673,292,29442,146,632407,3302,105558271,2953,3713552,1851,1238440,13,88011,223,4238116,2958,88485281,2636,1361576,28,15998,2647,2687942,518,1984469,126,198674
13,5014,844,4365,139516772,31963,862,389823,4365,28906991,6622,20.7,1373,1190833,4364,27974859,4365,26713698,422,83509,279,798536,4364,144860820,3917,5331539,2550,1515667,10,17594,290,4785008,3871,121959376,3601,1904246,48,25808,3445,3875649,527,1889568,163,247710
14,5015,394,2097,69820134,33295,377,219366,2097,14935442,7122,21.4,550,305413,2096,14387278,2097,13989096,201,-73725,130,476111,2097,72454022,1843,2635693,1200,712698,7,35804,167,2836738,1869,61869884,1762,964211,33,17644,1673,2054000,257,828269,91,145887
15,5016,675,3426,118757846,34664,861,624302,3426,25863847,7549,21.8,1155,1044781,3426,25271860,3426,23995767,362,-354002,281,843331,3426,123680748,3102,4905574,2136,1812256,19,-97816,209,3825607,3003,102280453,2886,1632255,41,21838,2679,3451345,335,1169364,93,155371
16,5017,420,1731,53885183,31130,295,158712,1731,10795446,6237,20,401,181745,1731,10663490,1731,10380024,109,-913,92,225344,1731,55803652,1554,1908480,1029,805760,5,105656,78,1404080,1571,47971584,1384,716521,18,9997,1412,1492628,275,1010409,30,45932
17,5018,583,3260,121617691,37306,974,706409,3260,27688187,8493,22.8,1218,780804,3259,27362729,3260,25629244,346,61942,318,1440557,3260,126400887,2979,4774314,2092,2252191,16,-117438,152,2331002,2952,105530400,2779,1683474,43,24776,2635,3440178,287,933035,59,91653
18,5019,861,3885,141348017,36383,1032,1198591,3885,32170629,8281,22.8,1306,1154261,3885,31538008,3885,29252334,486,-174270,384,1810667,3885,147205522,3499,5842990,2443,2673661,16,-357184,219,3374042,3470,120664652,3288,1949751,52,30203,3066,4402100,444,1439833,156,246513
19,5020,340,1615,63221916,39147,665,949470,1615,15150156,9381,24,821,957211,1615,14850269,1615,13091411,216,30627,244,1020419,1615,66480591,1458,3253267,1153,1594308,14,27308,99,1853070,1346,49915915,1371,881401,15,9067,1203,1720126,107,399307,51,84204
20,5021,814,3358,153668364,45762,1560,4104863,3358,38135984,11357,24.8,1788,5489698,3355,40747849,3358,27810597,534,729374,590,5368416,3358,165576219,2856,11892399,2447,8999710,33,-428504,157,4810405,2611,98044581,2926,2156535,32,17174,2145,3271862,194,621334,98,159827
21,5022,1506,6619,269496139,40716,2519,3948830,6619,66895414,10107,24.8,3000,3762735,6618,65571244,6619,56750165,972,-473760,875,5965996,6619,281030452,5778,11499680,4513,6666307,55,-559639,497,10681736,5576,207648288,5682,3770812,91,55960,4777,7231613,586,2031139,304,504997
22,5023,1551,5657,181337412,32055,1442,920206,5657,37361347,6604,20.6,2253,2433545,5657,36637972,5657,33540849,686,917065,511,1729127,5657,187566500,4955,6199408,3579,2830159,17,-15889,370,6744640,4794,148648207,4663,2463612,60,31050,4190,4444226,675,2329305,212,326820
23,5024,1545,5985,219235623,36631,2422,2851751,5985,49668737,8299,22.7,3052,4644238,5984,49131883,5985,41508280,982,1515988,885,4575488,5985,229190987,5132,9909448,4218,5568631,30,-246763,382,6794529,4755,161566157,5048,3025499,69,38569,3982,5436439,471,1641624,221,382222
24,5025,787,3441,121565144,35328,1249,1091653,3441,26863096,7807,22.1,1631,1918330,3441,26357487,3440,23361623,541,898215,421,1552895,3441,126449330,3004,4856866,2302,2394286,16,-52839,237,4609174,2875,96069602,2902,1681960,42,22519,2491,3077651,301,1021125,130,226136
25,5031,685,3881,136010278,35045,947,559775,3881,30479036,7853,22.4,1373,1082830,3880,29280828,3881,28214534,580,146513,335,1691258,3880,141760607,3360,5728316,2319,1394791,17,-39372,314,5556380,3456,118130809,3264,1889056,73,37570,2909,4100782,560,2018433,320,541103
26,5032,1195,5068,178343171,35190,1707,2176493,5068,39627039,7819,22.2,2272,3024694,5068,38768519,5068,34160526,655,100411,599,2533275,5068,186076046,4432,7713721,3380,3947768,30,-256767,351,6927093,4212,139763068,4226,2447534,46,27071,3523,4691749,518,1899966,298,488405
27,5033,605,2870,90979486,31700,625,428360,2870,18667052,6504,20.5,1042,938856,2870,18148566,2870,17406328,329,382406,211,603473,2870,94317454,2503,3325866,1736,1238744,16,-6856,220,3375072,2529,78373250,2364,1239444,38,21626,2155,2537659,421,1520362,167,268581
28,5034,881,4819,217121050,45055,1875,4219143,4819,57561876,11945,26.5,2207,3154567,4819,56479238,4818,45640927,677,-233793,687,4228783,4819,227347057,4192,10191929,3246,6424165,56,-748698,412,13729123,4052,159671247,4185,3078437,74,42950,3382,6002238,425,1550460,325,568770
29,5035,503,2589,93848338,36249,805,887117,2589,21392594,8263,22.8,1043,948276,2589,20760794,2589,19101300,325,117255,270,732390,2589,97809615,2245,3948648,1652,1656854,15,-3091,202,3714031,2244,78206058,2190,1298260,43,25147,1897,2753021,299,1109960,174,300100
30,5037,911,3793,128950531,33997,1135,827682,3793,27748669,7316,21.5,1603,1960107,3792,27079219,3793,25486227,457,201748,408,1396446,3792,133817521,3307,4851583,2416,2068222,28,-212034,260,3979874,3233,106409188,3193,1770517,50,28608,2723,3175859,414,1495863,210,351303
31,5038,1418,5939,198166929,33367,1659,1533595,5939,41886460,7053,21.1,2435,2985236,5939,40939392,5938,37919213,600,719734,570,1341350,5939,205505590,5220,7312355,3787,3497568,24,-201264,408,6125611,5062,163362930,4978,2709878,84,42166,4323,5133844,684,2491203,290,448263
32,5039,797,3401,115438268,33942,992,733326,3401,24822404,7299,21.5,1373,1435538,3401,24111035,3401,22613563,375,212501,325,806106,3401,119677193,2983,4224772,2168,1724533,21,29231,256,4136161,2919,96206623,2833,1581450,40,21390,2484,2888633,365,1381081,173,308561
33,5040,301,1138,46797680,41123,520,1446474,1138,11534297,10136,24.6,597,1191293,1138,11512578,1137,8727374,138,13272,173,791628,1138,48759334,986,1960245,817,2121999,6,-44619,81,1322143,883,31793414,971,645468,9,6943,732,1037381,70,234664,35,53782
34,5041,1354,6153,240189412,39036,2442,2761907,6153,57939052,9416,24.1,2820,3308203,6152,56229322,6153,49912836,787,-47714,866,3416577,6152,250213829,5335,10082026,4214,4698415,45,-391739,483,10985224,5177,190797611,5263,3372082,100,71646,4290,6195350,472,1746207,314,551007
35,5042,1081,3892,131366482,33753,1114,1068937,3892,28207368,7248,21.5,1671,1647146,3892,27922997,3892,24868870,425,463449,393,1806469,3892,136820161,3349,5441645,2519,2688502,23,-337571,263,4181403,3260,105290026,3174,1775662,44,25360,2702,3145845,462,1801690,179,294837
36,5043,1604,6295,204216335,32441,1714,971434,6295,42352411,6728,20.7,2663,2277881,6293,41359980,6295,39094891,614,206485,608,1682360,6293,212123106,5611,7882778,4067,2965093,14,-18376,397,6893260,5410,170894195,5239,2782247,62,36048,4617,5348547,750,2513712,268,461636
37,5044,1184,4662,194852660,41796,1967,5387751,4662,48725472,10452,25,2274,4482581,4660,48162224,4662,37934223,609,983842,701,3881246,4660,203741643,4063,8853093,3292,7717306,46,-898174,320,5784188,3626,134511373,4003,2707358,69,34073,3042,4960247,362,1145233,180,317270
38,5045,1445,7124,300396364,42167,2665,6642821,7124,76241723,10702,25.4,3123,5958952,7123,75232541,7123,60690945,1051,127619,1023,10297933,7123,314904761,6090,14476192,4804,10117802,33,-100076,503,10747802,5757,212610229,6095,4168216,134,93269,4732,7733897,654,2320810,332,554290
39,5046,844,3242,108857188,33577,1018,664200,3242,22621132,6978,20.8,1476,1671936,3242,22620943,3242,20948736,304,-75029,337,1125387,3242,113026404,2900,4151324,2159,2266684,12,-9318,181,2442398,2673,88167054,2745,1486968,29,14246,2288,2664562,314,1108367,143,241824
40,5047,693,2696,85338049,31654,736,483765,2696,17239570,6394,20.2,1077,983557,2696,17012582,2696,15674822,280,163908,244,806249,2696,88406649,2346,3047477,1764,1503101,8,-6163,198,2953337,2298,70325520,2215,1153355,32,17995,1947,2135536,343,1185523,116,182123
41,5048,1517,5646,217077906,38448,2135,3651147,5646,50294814,8908,23.2,2647,4242258,5646,50357807,5645,42003231,704,-340523,803,3725561,5646,226639740,4969,9538806,3933,6940652,48,-79850,351,6684497,4550,160846017,4807,2985930,75,43450,3819,5390144,490,1615784,255,422141
42,5049,1106,4708,177243709,37647,1757,1956493,4708,41161838,8743,23.2,2201,2660091,4708,40745505,4708,35172901,677,326095,650,3284403,4708,185321554,4061,8052518,3222,4163107,39,-87855,371,6576718,3851,135230875,3984,2457468,48,28104,3256,4824856,431,1560346,215,354236
43,5050,682,2815,110766513,39349,1224,1569427,2815,26382679,9372,23.8,1462,2054338,2813,26080531,2815,22261157,433,172286,477,1996191,2813,116535429,2450,5749940,2027,2944483,11,-6949,232,4689936,2248,83639364,2410,1554396,35,24584,1883,3175907,159,619484,130,213394
44,5051,1421,6506,252718916,38844,2516,2822484,6506,59190190,9098,23.4,2986,2992607,6506,58674871,6506,52005362,782,-371681,930,3395558,6506,264035290,5714,11279864,4472,6099004,42,-145328,499,8322733,5489,198965154,5545,3519037,81,45820,4589,7011689,479,1662789,317,544417
45,5052,757,3478,143908381,41377,1492,2142776,3478,35620490,10242,24.8,1652,2307811,3476,35130578,3478,29515521,477,-33437,543,2240173,3477,150807506,3023,6890168,2487,3816868,27,-7588,300,6848891,2811,108517357,2985,2019128,47,26569,2332,4130308,198,659793,143,238251
46,5061,905,5279,280290942,53095,2475,7334821,5279,82364428,15602,29.4,2522,4508843,5276,80318371,5273,57647879,879,-273819,959,9343638,5278,297854208,4385,17578141,3721,9484332,78,-1541701,507,24920180,4224,185498548,4641,3999997,75,39628,3296,7444110,342,1196325,342,623697
47,5062,1668,7353,365307981,49681,3536,11961138,7353,103384062,14060,28.3,3775,7304581,7351,101028115,7353,72799620,1021,114960,1320,10156165,7351,383254240,6306,17899428,5274,15087981,93,-847499,629,22893878,5763,237740416,6367,5168570,117,99861,4691,8596413,496,1657143,369,634539
48,5063,1015,5539,242879100,43849,2135,3791455,5539,63205373,11411,26,2518,3069068,5535,61749790,5539,52103804,741,-8157,800,4280514,5536,254552496,4822,11642029,3620,5996496,58,359342,486,14450902,4698,184897507,4839,3453129,95,56770,3883,7244616,438,1561097,461,843829
49,5064,1118,4971,267321429,53776,2735,10948155,4971,76974745,15485,28.8,2750,7700018,4969,76753542,4971,50712827,764,818281,1050,9462335,4969,282172724,4181,14829850,3764,14612290,67,-847515,423,17877427,3583,149646243,4283,3717009,53,26195,2798,5847615,228,762459,189,334850
50,5065,1085,5078,256928468,50596,2627,8467294,5078,72585768,14294,28.3,2748,6786258,5074,71320717,5078,49923972,795,937355,982,6530212,5075,271990932,4325,15039394,3760,11003492,66,-438642,424,18152925,3799,157011067,4393,3609954,74,45541,3044,6399746,289,961496,258,447517
51,5066,1360,6130,343065444,55965,3462,15928798,6130,102077335,16652,29.8,3401,9447974,6127,101176730,6129,66916782,974,730388,1294,9829626,6128,362345685,5140,19243705,4692,20025327,92,-483169,532,21354491,4369,194995870,5315,4809092,63,29596,3470,7505206,259,867678,230,449164
52,5067,787,4956,232729929,46959,1925,5324364,4956,64305078,12975,27.6,2242,3599579,4955,62267983,4955,49650402,742,-134696,762,5709562,4955,245051571,4196,12288835,3223,6787913,59,-396714,454,13011952,4185,170717850,4333,3306511,105,65365,3369,7242183,443,1526428,458,819817
53,5068,1128,5464,252652218,46239,2424,6002620,5464,68490609,12535,27.1,2617,4375728,5462,66919091,5464,51714444,777,626721,869,9191609,5462,265779737,4678,13087966,3816,8211481,73,-728715,491,14589169,4393,173951604,4752,3577448,90,49585,3559,6971752,420,1447126,348,624819
54,5069,675,4060,187906487,46282,1712,3962889,4060,51459796,12675,27.4,1943,2628300,4055,49881872,4060,39658619,634,244305,592,3901178,4056,198087078,3483,10182909,2765,5201534,56,-523660,409,15020142,3386,135534575,3494,2660891,71,38605,2754,4990681,321,1129102,326,551900
55,5070,1325,5580,206705833,37044,1877,1860076,5580,47913491,8587,23.2,2591,3187203,5577,46751307,5579,41571883,834,426658,660,2232156,5577,216284539,4856,9548196,3564,3762135,37,-304360,411,9558911,4625,165235889,4763,2880977,71,33821,3894,5383771,522,1891199,391,635211
56,5071,52,234,11376097,48616,92,224735,234,3166549,13532,27.8,102,240530,233,3184671,234,2229476,37,106153,42,266903,234,12166721,187,793566,170,413006,6,14806,35,1039526,171,7193393,191,157309,8,4984,143,396555,13,33955,14,21743
57,5072,1273,5366,221841447,41342,2198,4785051,5366,55454275,10334,25,2632,3717003,5364,54507434,5366,43718104,793,1320145,789,3706143,5365,233180160,4559,11303794,3701,7136748,50,-208677,426,9194598,4288,160786573,4602,3102213,76,40612,3560,6074318,390,1342562,289,511243
58,5073,1536,5866,212387360,36207,2075,2612595,5866,48017191,8186,22.6,2863,3178490,5866,47332433,5864,40390551,912,1320747,713,2134489,5866,221011391,5014,8585728,3964,5045026,30,-94132,447,9362940,4760,160782262,4911,2926945,61,34514,4019,5243903,481,1681296,318,531576
59,5074,1155,4681,156396634,33411,1348,1800465,4681,33555476,7168,21.5,2097,2200967,4680,33138942,4679,28473968,642,1319078,506,1820949,4680,162292150,4030,5871178,3054,3654063,17,12676,308,5008967,3898,121565090,3861,2129144,37,21086,3269,3900397,495,1782069,209,341871
60,5075,1137,4710,161923189,34379,1656,1382398,4710,34715081,7371,21.4,2215,2013590,4710,34360427,4709,30351734,589,380341,547,1585347,4710,168682073,4131,6738969,3201,3425407,25,39062,324,5760051,3948,128492594,3972,2231420,47,25143,3409,4234256,414,1357699,209,345145
61,5076,959,4723,172121008,36443,1752,1739600,4723,39285570,8318,22.8,2192,1825616,4722,38424594,4722,34282491,646,499231,595,1806652,4722,179486884,4065,7336748,3220,3451736,40,-29596,284,5393087,3988,138854373,4024,2390447,43,22566,3382,4775747,306,949781,203,350023
62,5081,876,4325,242103770,55978,2211,12202505,4325,72297089,16716,29.9,2321,6284673,4324,71454603,4324,44145768,712,762146,799,7236345,4324,258858333,3628,16733869,3165,14911839,57,-620938,361,19310482,3253,136386519,3761,3408614,50,28000,2549,5124841,291,1136600,211,382354
63,5082,1135,6314,251896576,39895,2149,3000104,6314,61198668,9693,24.3,2699,3177394,6314,59500621,6314,52955561,886,-25477,724,2803470,6314,263173663,5495,11241059,4045,5076170,53,-323447,495,9860767,5460,204783947,5460,3531372,99,54308,4597,7322986,541,1967546,407,706100
64,5083,636,3019,109789687,36366,1007,744757,3019,24866875,8237,22.6,1322,1153903,3019,23994678,3019,22718795,428,-63603,304,934141,3019,114592022,2664,4788948,1957,1510750,19,-48733,215,3481102,2624,94871778,2573,1524999,47,22097,2256,3309932,270,1002996,164,271018
65,5084,685,2564,77134072,30083,462,279622,2564,15172594,5918,19.7,787,648356,2564,14832572,2564,14157597,220,177574,174,374984,2564,79871223,2249,2727191,1570,1019665,7,36762,170,2717433,2251,65705658,2012,1013318,28,17177,1956,1919172,444,1683638,107,165733
66,5085,937,4010,129276887,32239,867,370636,4010,26403365,6584,20.4,1444,1083714,4010,25800517,4010,25155214,371,65375,286,762294,4010,133776523,3573,4483281,2410,1639030,16,66612,246,4434235,3517,112155615,3330,1730570,65,33770,3083,3374398,478,1700546,221,384887
67,5086,1214,5583,189877403,34010,1352,701144,5583,40824932,7312,21.5,1979,1506370,5583,39599249,5583,38431248,553,-53376,437,944317,5583,196739233,4973,6838644,3364,2225709,36,30292,340,4847953,4954,167263757,4622,2557964,82,43633,4308,5166608,564,1911056,275,450873
68,5087,952,3748,120602730,32178,991,607308,3748,24801351,6617,20.6,1603,1426705,3748,24359240,3746,22866460,395,180032,362,818095,3748,125162505,3304,4546233,2396,1901990,22,-116638,238,3798010,3248,101178788,3092,1633866,34,17799,2773,3129023,471,1655796,183,308020
69,5088,368,1588,48264857,30393,327,119037,1588,9563140,6022,19.8,545,308168,1588,9301316,1588,9003732,126,57948,95,197119,1588,49930951,1397,1659785,958,543275,5,-3046,96,1731267,1405,41886523,1294,648663,5,2847,1206,1292178,220,725628,58,88287
70,5089,647,3507,131793167,37580,1328,1369548,3507,30653827,8741,23.3,1611,1483146,3507,29981653,3507,26623462,442,-178070,426,1555629,3507,137006933,3029,5197963,2402,2680384,23,-163958,244,5198396,2955,105810848,2988,1845886,35,21477,2479,3290186,258,815643,139,227905
71,5090,777,3099,102322559,33018,913,542511,3099,21403896,6907,20.9,1347,958531,3099,20994734,3099,19495502,295,-170072,288,675979,3099,105945682,2740,3612095,2030,1645199,13,-29878,215,3616370,2618,85322001,2624,1407631,19,10709,2289,2462160,264,881378,106,167197
72,5091,812,3917,137603726,35130,1261,761760,3917,30080677,7680,21.9,1682,1115387,3916,29543950,3916,27397987,434,-353643,435,1066495,3917,142842309,3449,5219514,2527,2279134,30,-53533,254,4448405,3374,115524738,3336,1906207,33,17694,2867,3625313,318,1063403,128,198468
73,5092,1652,8162,272402751,33375,2225,844587,8162,57820088,7084,21.2,3251,1951560,8162,56241412,8162,54365880,717,-407192,772,1390556,8162,282582818,7217,10137918,5168,3332729,31,-144787,451,8094952,7262,239623040,6817,3732804,75,43089,6272,7330167,709,2274728,304,481039
74,5093,889,4007,130142840,32479,1027,316903,4007,26657811,6653,20.5,1625,1070056,4007,26171784,4007,24875281,360,-39996,343,536069,4007,134706765,3556,4547605,2483,1743844,17,-9679,257,4586236,3524,112449051,3368,1776120,28,14605,3064,3291021,419,1361490,135,204349
75,5094,92,414,12865767,31077,113,100146,414,2627167,6346,20.4,155,112198,414,2562891,413,2347817,33,-50672,48,336624,414,13233144,362,366861,268,224703,5,-3534,30,451528,362,10482882,343,173300,5,1862,298,277250,62,235327,13,14685
76,5095,686,3662,122764702,33524,796,458620,3662,26165926,7145,21.3,1243,657598,3661,25259670,3662,24585955,332,-369911,251,646270,3661,127061095,3280,4280920,2175,1353663,16,4651,198,2851605,3271,109725981,3056,1667438,42,26467,2885,3364934,393,1313423,154,268931
77,5096,1205,5781,188442614,32597,1274,803321,5781,39356035,6808,20.9,1947,1064019,5781,38256497,5778,36237154,494,5986,376,912916,5781,195344601,5093,6882655,3532,2494972,19,12468,346,5636920,5097,163317070,4802,2572847,51,30691,4428,4963880,644,2118248,171,262511
78,5097,1386,6841,232735634,34021,1805,974709,6841,50044229,7315,21.5,2705,1374248,6840,48557254,6841,45830989,631,-441638,568,1508726,6840,241633486,6048,8866233,4239,3000841,22,-57408,440,7960009,6046,202760755,5818,3213714,69,37934,5222,6338565,523,1611538,236,382604
79,5098,860,4552,142753969,31361,921,196378,4552,28534079,6268,20,1633,874136,4551,27863767,4552,27169766,256,-268194,270,390942,4551,147239470,4076,4470159,2731,1641051,8,25527,257,4457809,4101,127146335,3829,1953404,26,15858,3604,3490847,488,1733312,147,241241
80,5107,1131,5798,178232216,30740,860,269997,5798,35684651,6155,20,1440,613120,5798,34579771,5798,33859765,390,-342225,239,589206,5798,183981992,5137,5730119,3310,1730491,24,177605,310,4783638,5252,159789142,4684,2389493,37,19852,4665,4491543,775,2801248,143,221869
81,5108,2818,14252,438356183,30758,2001,933955,14252,87738483,6156,20,3401,1779687,14252,85174513,14252,82890386,900,-359465,601,1282422,14252,452961254,12786,14559667,8125,4673530,61,109338,805,13751525,12981,394300198,11515,5852983,110,60756,11683,11876591,1968,6524666,294,454805
82,5109,1841,9514,310424503,32628,2007,1019571,9514,64589843,6789,20.8,3136,1815309,9514,63174500,9514,59693118,872,-218659,687,1814179,9514,321605419,8391,11128802,5783,4207647,40,-228190,597,10467337,8283,267491381,7895,4214204,79,46967,7264,7907758,964,3246232,197,311089
83,5110,395,1744,51684121,29635,230,78866,1744,10017308,5744,19.4,349,163597,1744,9744736,1744,9527469,132,130938,62,90286,1744,53419707,1536,1733274,996,540634,32,352276,115,1650115,1557,46123227,1393,687300,19,10755,1398,1346946,220,725302,31,51280
84,5111,7,166,6893603,41528,42,8482,166,1530720,9221,22.2,74,30205,166,1529814,166,1531933,25,-68434,23,13156,166,7278921,164,385082,75,25850,5,-7629,5,12483,164,7110490,32,13592,5,2224,161,319258,8,18879,10,14355
85,5112,1591,6352,200094452,31501,939,291502,6352,40311628,6346,20.1,1742,904169,6352,39555437,6352,38601717,431,-468289,308,638833,6352,206585354,5714,6456921,3761,2395149,15,15979,327,5301553,5697,177137308,5100,2638867,47,26034,5061,4980110,975,3499713,118,201135
86,5113,1364,4744,132442479,27918,479,164428,4744,24471943,5159,18.5,984,449447,4744,24183929,4744,23759209,169,-67702,149,479805,4744,136608713,4196,4150909,2938,1676257,20,67381,250,3513449,4258,116618907,3548,1677690,25,13940,3709,3222089,1061,3903996,70,114274
87,5114,1716,9177,303879256,33113,1470,757446,9177,64131367,6988,21.1,2251,1091059,9177,62132658,9176,60642794,708,-565551,502,1421628,9177,314450090,8266,10514766,5105,3118873,52,-230154,468,7466280,8393,275521055,7541,4072532,85,46043,7509,8284409,958,3164435,140,223975
88,5115,262,1028,30919512,30077,124,35954,1028,6092902,5927,19.7,248,103267,1028,5951386,1028,5610123,76,19297,42,92507,1028,32097416,908,1172213,605,333847,5,171852,62,872882,914,27151490,798,404511,6,3720,821,891336,161,531784,11,14137
89,5116,464,2049,67395899,32892,416,130849,2049,14131956,6897,21,662,250038,2049,13873818,2049,13248699,163,-45337,149,391644,2049,69851432,1852,2450432,1244,851640,9,26510,100,1660987,1835,58501975,1689,914204,22,12781,1631,1762965,261,792367,61,100281
90,5117,137,785,27342634,34831,188,95023,785,5949697,7579,21.8,229,117866,785,5807738,785,5156797,94,-32832,65,125930,785,28368004,681,1018928,468,362773,6,90221,53,892136,666,22166909,680,379972,7,4243,609,756387,48,185089,8,13476
91,5118,1515,6853,241110152,35183,1999,1356338,6853,53283579,7775,22.1,2587,2458104,6853,52065294,6851,46987197,851,320448,728,2565029,6853,252002915,5990,10839992,4435,3709239,77,277800,423,8580978,5819,197058934,5726,3311479,77,44453,5017,6820886,567,1861809,199,349766
92,5120,239,810,25867013,31935,203,591724,810,5326891,6576,20.6,283,257713,810,5483094,810,3722221,89,293843,53,158565,810,26980122,577,1112608,577,1110770,39,622710,38,681709,546,15777242,650,347618,8,4664,452,674866,68,234167,16,28259
93,5121,115,386,11903886,30839,93,191806,386,2489091,6448,20.9,128,107681,386,2425280,386,1932693,62,33516,26,112871,386,12409241,301,504185,276,300950,12,61969,32,473501,287,8135472,303,159905,5,2890,239,310132,38,137799,5,4481
94,5125,1369,8338,315670986,37859,2308,1728977,8338,73373254,8800,23.2,2915,1293733,8336,71236318,8337,67749762,907,-1622955,762,2258332,8336,327728750,7416,12009017,5077,4287154,46,-176583,399,7539035,7577,280650950,7087,4321441,104,64837,6557,9041770,475,1414655,292,513583
95,5126,705,3986,135532471,34002,1088,652450,3986,29130826,7308,21.5,1506,809617,3986,28348480,3986,26880547,338,-315316,348,482365,3986,140446768,3505,4901832,2520,1887053,20,-28588,245,4295893,3528,117898159,3356,1865196,33,16899,3001,3482795,290,947384,112,169707
96,5127,798,4459,161158291,36142,1365,835767,4459,36648248,8219,22.7,1764,908554,4459,35331904,4459,33918529,459,-763708,482,1144769,4459,167797070,4002,6618184,2854,1948338,21,-124135,232,4331463,4035,144985545,3781,2228305,58,32294,3523,4540148,315,994342,153,249740
97,5131,124,530,21546803,40654,202,476949,530,5264753,9933,24.4,206,185679,530,5185080,530,4094852,86,71350,75,342552,530,22345915,452,797006,342,714941,7,15217,39,791074,444,15821610,464,304224,5,1737,385,541924,31,91369,21,33579
98,5132,43,188,7432521,39535,79,163674,188,1857297,9879,25,89,111441,188,1804414,188,1483509,20,-19087,32,234306,188,7650848,145,218314,129,221095,5,-19437,11,159051,153,5404277,165,105258,0,0,118,139018,12,32679,5,7615
99,5133,45,219,8447659,38574,89,112804,219,1977052,9028,23.4,119,113826,219,1962640,219,1649206,32,-21935,28,55817,219,8808794,176,359265,149,225227,5,-13087,9,254947,183,6531014,191,117818,5,1673,147,243725,14,39547,6,11253
100,5134,54,179,8029415,44857,76,445632,179,2235050,12486,27.8,73,93963,179,2182187,179,1431960,26,-14646,17,18453,179,8443133,152,407552,132,510932,5,58202,18,590485,142,5038897,140,111495,5,832,110,166752,14,57718,5,3973
101,5136,69,231,8578554,37137,89,141146,231,1984112,8589,23.1,107,104730,231,1946055,231,1696273,33,-49955,35,141724,231,9165614,185,585641,158,231497,7,-59709,21,156985,190,6993872,198,119997,8,4611,147,314024,14,45664,12,21617
102,5137,62,241,9640796,40003,86,114438,241,2369499,9832,24.6,97,93546,241,2320476,241,1845012,35,46563,27,190452,241,10100005,194,457177,176,207612,5,3294,23,810114,184,6875445,200,134105,5,2834,152,247445,26,93243,10,12429
103,5138,32,107,4205138,39300,42,50704,107,1021932,9551,24.3,41,35799,107,980919,107,808954,15,-31438,10,83621,107,4390349,92,184694,71,73061,6,-57251,8,154738,93,3451357,99,60635,0,0,75,119167,6,21378,6,10005
104,5139,37,128,4537223,35447,54,36186,128,1023383,7995,22.6,71,134850,128,1015275,125,699523,15,9319,14,70862,128,4694446,99,157227,96,94757,6,31585,9,216120,89,2922113,104,62773,5,1987,70,90006,6,26126,5,1560
105,5140,34,227,9043713,39840,89,28516,227,2229542,9822,24.7,92,115634,227,2174255,227,2102667,35,-6865,33,53713,227,9519946,190,475459,154,108157,5,-10187,22,131794,195,7856375,185,125748,5,1764,160,262349,13,29435,8,15223
106,5141,78,395,16319396,41315,177,424831,395,4237170,10727,26,189,229468,395,4089228,395,3408450,53,24992,51,362914,395,17071068,355,747141,284,522456,8,2264,48,869839,326,12406932,335,232025,0,0,279,481304,24,102849,19,32390
107,5142,100,373,14621939,39201,131,152437,373,3653015,9794,25,172,311507,373,3548368,373,2989836,59,-67236,61,513540,373,15337001,311,707615,250,266770,13,-121600,42,661905,306,10516542,303,203972,5,1873,236,388071,25,77371,13,20625
108,5144,43,173,6764867,39103,51,105953,173,1638062,9469,24.2,67,111178,173,1581982,173,1283908,20,-37162,22,83402,173,7034504,134,269730,114,155276,6,95856,14,369353,138,4868249,150,95998,5,4477,103,118150,7,21866,12,20692
109,5151,63,218,7888769,36187,78,123245,218,1805020,8280,22.9,106,88254,218,1775966,218,1400074,33,71758,23,72033,218,8281276,184,392272,158,209140,5,10610,21,490654,182,5966666,179,108320,5,1151,152,228513,21,68014,9,15031
110,5152,741,3578,172522325,48218,1542,3738134,3578,48001879,13416,27.8,1665,2270709,3578,47354766,3576,37488747,457,-403637,584,9902508,3578,180826918,3007,8286457,2521,5664005,56,-194278,373,9046369,2846,116698007,3068,2442035,51,30830,2340,4543413,224,721019,141,241761
111,5153,605,2558,95651954,37393,814,1556303,2558,22861987,8937,23.9,1013,1083001,2558,22502534,2557,18816481,333,-125034,311,1517820,2558,99923645,2101,4255493,1739,2598236,62,-94370,249,4932991,2044,71082497,2091,1321704,27,16802,1668,2484152,210,734231,82,130653
112,5154,368,1816,80998674,44603,779,1434151,1816,21182915,11665,26.2,875,887155,1815,20891610,1816,16877534,265,-273490,289,1650905,1815,85503637,1571,4491699,1273,2351317,21,-318704,160,4402330,1486,58609826,1568,1148357,14,7279,1241,2337873,113,395977,90,137294
113,5155,378,1858,67604382,36386,565,628025,1858,15390643,8283,22.8,735,383649,1858,14973389,1858,13767435,226,-198309,200,704757,1858,70762435,1616,3151978,1173,1232338,7,-13965,177,2796247,1626,57213318,1585,946492,23,14641,1340,1982463,149,511258,87,155015
114,5156,93,538,20762000,38591,172,349303,538,5006638,9306,24.1,196,141647,538,4868937,538,4119397,74,-75035,64,119374,538,21668203,459,904650,355,528889,5,-25779,52,972768,467,16865917,458,292979,12,6618,384,613472,48,163069,29,51997
115,5157,347,1357,53462344,39397,548,845913,1357,12937100,9534,24.2,572,638039,1357,12835419,1354,9971284,206,78011,212,1022931,1357,56301184,1109,2831971,961,1538021,45,-37102,115,2107523,1090,39397373,1122,737390,24,12007,888,1552997,82,297094,38,64320
116,5158,2001,11175,383662477,34332,2984,1310651,11175,83100323,7436,21.7,4025,1938113,11173,80878610,11173,77760715,995,-1232651,970,2319893,11173,397987895,9954,14260680,6881,4859497,36,-150260,742,11720016,10025,339114982,9473,5318288,93,53156,8686,10747840,906,2775490,394,625495
117,5159,3227,16346,591636379,36195,5045,3741740,16346,134127113,8206,22.7,6216,3852385,16346,130379261,16345,121892858,1670,-1855072,1625,5599231,16346,616204112,14529,24489300,10617,8990497,82,-433973,1078,17648477,14537,508851345,13947,8264764,159,86922,12475,16856664,1234,3716505,553,876290
118,5160,20,117,4663330,39858,26,242494,117,1186918,10145,25.5,35,24150,117,1126354,117,687044,19,17540,14,164345,117,4881383,81,218073,65,255085,5,-17890,18,429586,81,2493110,103,67258,5,2950,58,76817,6,23793,5,4441
119,5161,993,4597,144937333,31529,1020,349262,4597,29449104,6406,20.3,1484,812829,4597,28650138,4596,27852616,331,-227534,313,622868,4597,149665280,4125,4704314,2837,1691302,13,-28977,267,4526680,4105,128101239,3803,1966665,34,19917,3617,3538731,532,1723664,119,182964
120,5162,3129,15257,486256023,31871,3099,1434789,15257,100071356,6559,20.6,4520,2408589,15256,97286369,15256,93696292,1156,-956046,1053,2568806,15256,503083861,13651,16772726,9217,5797620,34,-109812,918,16127213,13637,429165469,12576,6604449,120,69034,12067,12594502,1708,5530151,359,526832
121,5163,1177,5268,159918459,30357,934,498443,5268,31866274,6049,19.9,1332,701911,5268,31144114,5265,29430276,385,-214045,283,863461,5268,165488059,4644,5561600,3263,2027356,14,-46284,365,5955079,4694,139607741,4145,2114683,27,15585,4094,4048868,756,2565055,111,165176
122,5164,429,1611,47016131,29184,215,314223,1611,9096302,5646,19.3,440,382056,1611,9002078,1611,8194522,60,-81055,70,131508,1611,48461218,1444,1442916,1021,879125,5,-18157,73,1067150,1460,41027434,1247,614375,5,2830,1285,1210427,337,1158548,36,56342
123,5165,567,1813,54524107,30074,349,279295,1813,10691934,5897,19.6,555,378259,1813,10612098,1813,9420411,186,34136,129,344363,1813,56573870,1574,2046949,1186,969352,5,-3095,150,2892604,1507,43578374,1423,717138,15,7282,1322,1483077,318,1139221,41,62525
124,5166,194,768,22291941,29026,123,37049,768,4244465,5527,19,224,153826,768,4132564,768,4019491,44,-9493,31,27827,768,23057697,678,764962,483,246604,5,-24403,52,737408,688,19842248,619,293874,6,3375,614,629591,107,365175,8,11676
125,5167,541,2395,76580944,31975,535,267591,2395,15863539,6624,20.7,791,487760,2395,15467585,2395,14724078,253,-5145,182,586391,2395,79499452,2100,2904143,1514,994060,5,17974,201,3200159,2021,64264823,1968,1039196,31,19060,1782,2109262,288,948862,66,115542
126,5168,346,1477,44988041,30459,237,136524,1477,8915098,6036,19.8,355,176543,1477,8684329,1477,8295297,110,-80524,90,421003,1477,46477615,1301,1487668,886,535201,7,31751,117,1887605,1316,39121679,1189,596636,11,6625,1150,1184729,178,540404,27,40405
127,5169,986,4257,137713987,32350,770,412849,4257,28535984,6703,20.7,1224,747108,4257,27993657,4257,26225182,363,-333488,281,1040099,4257,142905721,3795,5173854,2519,1857119,12,30333,294,5037620,3737,118215994,3469,1863299,38,23481,3335,4046673,549,1792177,125,199485
128,5170,117,449,14071152,31339,101,148394,449,2864298,6379,20.4,143,107603,449,2810830,449,2511099,55,-24696,46,268823,449,14734132,388,662492,293,297152,5,-78855,40,541279,380,11462477,362,190186,5,3589,323,449360,64,224362,8,10115
129,5171,611,2337,86660341,37082,780,1477313,2337,20172361,8632,23.3,956,1249196,2337,20047967,2337,14584682,313,51760,343,3449797,2337,90318352,1922,3648053,1604,2598282,49,54556,171,3102811,1760,58195132,1934,1179986,17,10255,1492,2030500,135,469704,52,82743
130,5172,512,1630,62199400,38159,532,837251,1630,14734046,9039,23.7,624,777468,1630,14717583,1630,11438956,211,79775,189,3617582,1630,65045268,1327,2841456,1114,1730668,55,-138262,142,3044572,1250,41415205,1369,862570,24,14987,1056,1509836,125,486679,35,59025
131,5173,649,2468,74931159,30361,512,590258,2468,14851765,6018,19.8,680,501419,2468,14889588,2467,13207527,266,177566,202,910448,2468,78117163,2138,3182266,1615,1678702,11,-10343,239,3515120,2060,59364085,1917,982897,19,11938,1810,2337251,406,1420588,65,109695
132,5174,178,631,19138649,30331,118,141820,631,3815906,6047,19.9,172,102254,631,3770448,631,3337473,64,43152,45,209293,631,19963635,541,824120,402,367079,5,30904,55,896377,530,15406051,492,251197,8,6166,455,589653,93,324272,18,24502
133,5201,225,830,29838655,35950,262,501815,830,6894798,8307,23.1,298,272456,830,6749675,830,5385433,85,68039,85,389133,830,30987411,693,1140509,562,789770,25,-252263,80,1460937,661,22170389,682,407217,13,7483,555,679508,63,182627,26,40510
134,5202,89,291,9117106,31330,95,74891,291,1742673,5989,19.1,84,134823,291,1813910,291,1309051,32,54237,46,61690,291,9533911,220,415697,228,276034,20,133325,25,338942,185,5445094,232,122260,5,1750,161,207558,28,92142,5,3703
135,5203,159,440,13495947,30673,160,241502,440,2598367,5905,19.3,189,353932,440,2696310,440,1903040,58,-6961,57,367740,440,14149177,337,652594,337,521315,14,80588,41,477095,281,7620978,334,175640,0,0,230,318072,39,153098,5,6159
136,5204,275,738,22456743,30429,225,206135,738,4409893,5975,19.6,285,345295,738,4526704,738,3628112,87,-54604,95,718103,738,23510732,613,1052728,550,628292,16,167555,72,779058,559,15304572,566,294098,5,2348,470,619497,96,398529,9,18921
137,5210,196,636,21243761,33402,178,202440,636,4709133,7404,22.2,195,146726,636,4612784,636,3545199,73,31656,52,198129,636,22377117,521,1131364,429,411411,24,-131976,51,1862661,498,14990899,511,291720,5,970,433,730237,54,191356,7,9339
138,5211,1879,4120,128058503,31082,1406,2482458,4120,25397557,6164,19.8,1803,2998135,4120,26350777,4120,18762509,531,107844,591,2594174,4120,134317501,3409,6251384,3181,5155735,56,410651,366,6282992,2821,76395116,3139,1640323,23,13109,2406,3196982,496,1814190,77,121892
139,5212,248,598,17284859,28904,172,149246,598,3326065,5562,19.2,213,279009,598,3382443,598,2721741,82,3586,63,356219,598,18135721,471,850485,446,442346,5,3935,72,1158350,426,11728398,456,224478,5,2480,356,479953,96,328434,12,18673
140,5213,155,324,9768321,30149,81,82205,324,1911221,5899,19.6,119,76113,324,1919271,324,1544242,42,-9472,33,289184,324,10365867,263,597416,227,230860,5,-39300,38,687745,240,6974553,250,129020,5,1054,208,296436,47,167396,8,10013
141,5214,842,1952,57216828,29312,554,852455,1952,10703218,5483,18.7,768,1073910,1951,11161803,1952,8278123,235,122534,235,1197718,1952,60268323,1588,3049508,1462,2074312,23,-219590,177,2672914,1415,36936312,1456,719659,15,9703,1204,1457089,305,1131397,24,36423
142,5220,53,205,6847276,33401,73,15655,205,1331202,6494,19.4,54,40343,205,1473763,205,1135314,18,-10167,26,102208,205,7416109,175,568560,166,256243,14,203826,15,281527,158,4015435,160,92899,7,4480,146,281695,27,98933,7,15791
143,5221,43,125,3838733,30710,29,25620,125,762232,6098,19.9,41,45196,125,791034,125,650873,16,1383,10,34282,125,3992354,100,153601,94,108690,5,10829,13,132431,99,2721799,91,50032,0,0,83,117972,21,74983,5,5644
144,5222,70,232,7536090,32483,69,247259,232,1528476,6588,20.3,75,101090,232,1568751,232,1041592,24,21719,30,117555,232,7908828,183,371422,170,390872,7,129687,16,102506,175,4412560,176,98071,5,2916,146,161462,33,122965,5,5345
145,5223,435,1435,44458355,30981,469,308090,1435,8925539,6220,20.1,459,768199,1435,9080939,1435,6588166,195,127405,176,687513,1435,47062596,1187,2600092,1104,1088208,76,1100026,119,1113194,1083,28068701,1119,591928,27,18942,977,1146911,191,713999,36,56790
146,5231,110,513,18211991,35501,149,115988,513,4054139,7903,22.3,196,138427,513,4012067,513,3504393,69,-47234,50,222147,513,18978426,418,763679,324,343797,11,-62364,48,1061183,414,14107711,433,250361,5,4200,347,488329,33,92378,13,18462
147,5232,41,161,6120677,38017,56,103091,161,1408756,8750,23,68,97264,161,1393493,161,1128775,24,33969,31,184798,161,6329310,121,208593,109,178154,7,-18754,17,255741,126,4203841,140,85854,0,0,94,111942,14,36972,5,2118
148,5233,158,613,21072218,34376,189,133465,613,4612881,7525,21.9,244,324676,613,4502024,613,3936408,79,100929,72,138978,613,22020412,526,946750,414,328952,15,259723,47,759402,495,16571241,505,289036,6,4105,421,515244,36,120991,15,23549
149,5234,151,612,20076012,32804,190,312813,612,4277301,6989,21.3,251,206646,612,4212527,612,3305517,78,-88328,73,259479,612,21045905,499,968741,438,540753,15,-74274,46,766714,475,15089843,488,270161,5,2869,402,629159,42,126510,10,14013
150,5235,285,865,30055606,34746,286,438947,865,6630200,7665,22.1,360,472960,865,6719110,864,4904861,98,-15773,90,509395,865,31368630,726,1308023,623,956666,51,178134,60,1422943,697,21210319,698,407043,7,4320,574,695481,75,266690,13,19797
151,5236,23,80,2357963,29475,22,12094,80,455102,5689,19.3,26,12288,80,453403,80,423142,6,28759,8,37600,80,2450432,61,92472,54,44694,5,-6276,6,77017,67,1901881,65,31030,0,0,49,67506,11,64157,0,0
152,5237,41,129,4397561,34090,50,28478,129,873079,6768,19.9,51,21646,129,947105,129,765663,14,27606,16,85775,129,4771814,111,374056,97,166812,7,101452,10,177888,95,2757562,107,60767,5,1010,84,115351,11,30045,5,6205
153,5238,527,1326,38438893,28989,481,261165,1326,7154070,5395,18.6,597,660677,1326,7405452,1326,5998989,136,46089,137,270656,1326,40310340,1083,1869408,1021,1039047,48,780893,81,1068201,1023,26296745,1006,501285,15,9560,837,970203,216,825702,11,23944
154,5240,85,259,8809256,34013,97,87721,259,1933210,7464,21.9,125,116047,259,1867862,259,1574430,26,22973,35,109446,259,9191185,217,380381,175,148323,5,-14567,16,384416,215,6976980,213,119426,5,523,179,250785,13,43817,5,9923
155,5241,269,968,31624083,32670,273,124052,968,6580234,6798,20.8,422,286029,968,6529497,967,5842493,95,35575,98,359238,968,33032545,844,1407517,652,539888,6,58031,66,1330456,825,25972428,795,427985,13,7906,714,923043,77,236932,26,39943
156,5242,150,698,26055048,37328,238,295491,698,6081466,8713,23.3,283,348484,698,6022680,698,4978876,88,15612,80,281591,698,27190728,573,1131075,487,619602,9,-209802,56,1204701,577,20238030,572,357264,13,8285,468,646914,55,171758,22,34041
157,5243,106,414,17130306,41378,156,256104,414,4387397,10598,25.6,173,147436,414,4223287,414,3507629,56,147899,55,667332,414,17909930,343,778260,273,350737,8,12120,24,715115,352,13310690,359,243508,5,1932,282,517211,20,73280,12,25020
158,5244,412,1778,59743447,33601,489,1038582,1778,12967113,7293,21.7,686,653698,1778,12792422,1778,10661826,158,-6070,188,781027,1778,62614334,1521,2869346,1172,1669356,53,145119,139,2868426,1483,46131694,1376,764515,12,7332,1267,1656679,129,452657,46,67784
159,5245,357,1492,55510092,37205,565,858030,1492,13106820,8785,23.6,684,897051,1492,12948011,1492,10688811,213,19441,224,2294760,1492,58345500,1213,2829798,1063,1500990,36,-187442,128,2726986,1137,39303567,1230,764002,18,9345,900,1401432,112,317285,42,64825
160,5250,231,1115,39123193,35088,307,251795,1115,8669928,7776,22.2,399,316163,1115,8386861,1115,7615251,93,-85900,99,389045,1115,41036726,970,1910360,707,549130,8,247238,80,1522741,961,33274554,931,540954,9,5909,808,1271927,75,203872,32,49435
161,5251,970,4234,144788528,34197,1100,1920132,4234,32149146,7593,22.2,1560,1256301,4234,31438056,4234,27093491,469,73290,407,2089596,4234,150898826,3616,6073104,2707,3314492,56,-171843,302,4389873,3579,113685075,3467,1968948,40,26010,3028,3914700,442,1423605,115,171102
162,5252,440,1902,63050530,33150,453,388085,1902,13501861,7099,21.4,673,488031,1902,13287858,1902,11974924,176,-48211,140,649355,1902,65707063,1609,2646757,1228,1087266,33,-32695,173,3010439,1660,52433062,1544,852381,11,5920,1390,1804359,201,683223,68,104016
163,5253,1666,5791,176134066,30415,1782,1033046,5791,34717281,5995,19.7,2196,1715614,5791,34721763,5791,29591421,608,187283,590,1464623,5791,184451709,4988,8294062,4107,3531304,100,1209781,364,5061977,4870,136081233,4588,2342938,56,38138,4114,4755577,817,3056568,84,141418
164,5254,206,640,19509515,30484,207,80112,640,3786470,5916,19.4,220,215774,640,3868895,639,3318594,70,-17539,68,213930,640,20362790,515,851213,473,436128,39,407221,47,694403,518,14194234,501,258815,8,5748,430,488096,55,199466,5,4520
165,5255,714,2712,91845185,33866,951,1196939,2712,19638419,7241,21.4,1031,1499104,2712,19895329,2711,15013104,304,226798,328,1322545,2712,96737781,2266,4877094,1940,2780009,68,-23679,202,3295314,2136,64546450,2212,1241422,37,23037,1806,2510731,213,750740,41,64555
166,5256,119,285,8912335,31271,89,59808,285,1653227,5801,18.5,109,174630,285,1848052,285,1387579,36,41791,31,197984,285,9340069,233,426405,199,376781,9,152455,16,231272,217,5543253,222,113860,5,3353,187,219941,37,115347,6,9901
167,5259,75,302,8561725,28350,110,32805,302,1528986,5063,17.9,93,59325,302,1648185,301,1090231,17,17659,27,40815,302,9011261,255,449095,247,263879,19,112389,14,93488,210,4956527,221,107771,5,1691,190,238954,47,245111,5,5828
168,5260,221,681,20512062,30121,204,219747,681,3979413,5843,19.4,262,255046,681,4138380,681,3248088,54,67860,48,221176,681,21463279,577,949268,511,664132,25,415775,43,592172,533,13570657,518,266081,11,6533,459,540891,110,414465,10,12575
169,5261,62,264,13137878,49765,167,128358,264,3170173,12008,24.1,153,178772,264,3703857,264,2090523,23,26633,51,79107,264,14094326,185,955273,222,868822,12,274996,8,114402,145,3204726,224,188853,14,11952,104,159305,20,70194,6,8524
170,5262,56,263,10749887,40874,130,262638,263,2359548,8972,21.9,101,79822,263,2707874,263,1507632,17,12314,19,86655,263,11369780,207,619460,201,774293,14,302418,9,24180,180,4377611,222,151754,11,8033,163,182908,21,56461,5,8820
171,5263,42,168,7609925,45297,84,55526,168,2041299,12151,26.8,80,101426,168,1978490,168,1587145,23,37168,26,655974,168,8003978,132,393528,129,109150,8,44750,8,137790,137,5246647,144,109451,5,3024,108,141966,5,10463,8,13485
172,5264,178,684,20738486,30319,262,295410,684,4032808,5896,19.4,222,331211,684,4184606,684,2843421,65,93547,80,330635,684,22088429,516,1348596,543,731800,36,554820,27,491250,485,12229124,529,274947,8,5351,382,612439,68,334781,13,24890
173,5265,58,190,7083034,37279,117,156927,190,1355938,7137,19.1,100,90333,190,1590101,190,921743,37,33180,31,77501,190,7492595,129,409601,164,492334,9,191359,10,83814,117,2708198,160,97591,5,1123,89,195972,24,85607,5,4350
174,5266,92,336,13082034,38935,200,152233,336,2639323,7855,20.2,153,219474,336,3040493,336,1782581,54,30979,50,58961,336,13792070,254,708444,279,744821,17,324012,18,132448,227,5828697,288,181950,5,3124,183,351392,14,44904,6,7688
175,5267,262,995,33891649,34062,469,608754,995,7115461,7151,21,387,410912,995,7356763,995,5260920,124,65207,129,748514,995,35721674,798,1823476,744,1338451,35,531286,42,615942,760,20699415,830,469256,9,5124,629,883829,57,159396,22,38535
176,5268,475,1789,58884230,32915,724,451771,1789,11775437,6582,20,649,631593,1789,12122304,1789,9393534,141,165506,232,801906,1789,62055408,1570,3170000,1235,1651629,48,408981,71,1254174,1437,41060103,1506,812364,28,17216,1317,1622109,134,425251,24,43324
177,5269,19,103,4297321,41722,49,42484,103,895146,8691,20.8,33,21401,103,1042430,103,648504,10,84819,14,10266,103,4462221,86,164900,75,256047,5,7500,5,9858,66,1828449,92,62112,6,3277,62,99781,5,4597,5,2683
178,5270,78,271,9659267,35643,159,93599,271,1886133,6960,19.5,120,112738,271,2113958,271,1464319,14,29029,33,97422,271,10123584,205,464307,224,464909,16,98218,6,24544,188,4826040,232,136169,5,1876,150,241464,13,36306,5,3272
179,5271,817,3749,126302920,33690,1409,1694561,3749,26433623,7051,20.9,1389,1932399,3749,27034367,3748,20039550,393,302282,444,1220183,3749,133268784,3183,6950047,2663,4106081,136,1856819,169,2506778,3029,85246795,3099,1724396,48,32249,2676,3858690,289,856519,87,137327
180,5272,120,450,16769647,37266,199,249029,450,3524163,7831,21,188,228315,450,3881409,450,2659152,31,31172,52,309717,450,17859257,382,1088637,362,849517,18,710827,18,198963,326,8880490,373,230452,10,8462,301,680858,29,111098,13,23419
181,5275,256,1016,36440909,35867,359,266889,1016,7818552,7695,21.5,393,659781,1016,8302883,1016,5147505,99,-13898,113,856004,1016,39113603,791,2671066,788,1283651,42,1253432,56,754640,750,19648171,830,500581,24,17445,647,1250017,79,272189,16,29101
182,5276,202,569,19188965,33724,214,554260,569,4155663,7303,21.7,218,424718,569,4244915,569,2655273,77,149059,88,749982,569,20353108,445,1157842,444,917523,16,488562,44,668473,389,10286194,452,256533,8,4843,328,569644,43,154560,14,19003
183,5277,304,1424,49114674,34491,426,314481,1424,10395811,7300,21.2,473,712904,1424,10433241,1424,8467596,109,-68440,171,872560,1424,51401165,1209,2281666,940,1075212,47,556957,41,525614,1173,35700508,1219,685825,32,20041,1042,1354331,127,385767,30,53236
184,5278,63,266,11149638,41916,93,93938,266,2568152,9655,23,102,164035,266,2788497,266,1570235,22,65832,19,13018,266,11697739,196,547882,197,481895,10,272403,5,51870,166,4855447,224,157565,6,5108,136,150439,28,96843,5,2714
185,5279,43,165,5668541,34355,36,26208,165,1199518,7270,21.2,43,81642,165,1226684,165,1013655,5,-6369,12,22587,165,5955726,146,287186,122,134683,5,988,5,36392,137,4056841,133,77253,0,0,121,190921,31,118757,5,2371
186,5280,874,3309,123257685,37249,1071,922180,3309,27771200,8393,22.5,1256,1681234,3309,27987915,3308,21996609,322,31116,318,863313,3309,128830529,2810,5548926,2372,3037107,101,1276493,153,2356519,2696,88981720,2742,1708785,91,62201,2420,3401436,282,1061642,54,84232
187,5290,2646,12286,426432924,34709,3383,3299105,12286,93521220,7612,21.9,4575,5079751,12283,91352574,12286,77284570,1263,828763,1172,3237144,12284,444489930,10601,18031831,7816,7407164,210,914339,691,14095734,10477,336709712,10320,5897477,199,119142,9182,10099576,1078,3659525,265,431827
188,5291,476,2039,77060731,37793,553,389899,2039,17726185,8694,23,686,713994,2039,17771209,2039,12326809,185,30137,196,1134208,2039,80257711,1621,3181923,1346,1600560,101,2252328,101,1247814,1597,49854806,1732,1085360,66,45502,1339,1634220,156,505837,27,50823
189,5301,87,278,8972333,32275,190,80253,278,1636242,5886,18.2,121,142588,278,1921374,278,1208183,17,12385,38,79820,278,9282115,177,309369,243,490709,20,795365,15,294716,172,3406714,221,122388,5,1302,132,173356,41,143133,6,10349
190,5302,109,451,18833613,41760,270,272936,451,4019606,8913,21.3,213,263382,451,4645936,451,2869257,42,46014,48,44613,451,19527585,329,693251,370,1180980,21,692382,21,252104,309,8071439,386,264091,14,11017,243,346770,19,68278,6,15337
191,5304,97,486,18386188,37832,230,237010,486,3842637,7907,20.9,212,291585,486,4266491,486,2561362,27,7030,42,104640,486,19051243,347,663612,378,943914,32,640831,28,408494,337,8363113,417,259622,19,17196,267,313533,42,133018,7,13478
192,5307,94,339,12827758,37840,209,154551,339,2554323,7535,19.9,142,175571,339,2971937,339,1756133,26,39008,44,28533,339,13362944,242,532758,297,767253,28,1594267,10,77204,211,4675965,289,181042,9,6035,163,239597,31,130829,5,9346
193,5320,100,240,7019400,29248,40,13468,240,1224495,5102,17.4,80,60240,240,1333307,240,1138368,19,-15629,23,80169,240,7309699,212,290122,148,220477,6,33142,13,71460,196,5476724,190,88308,5,1143,184,212765,40,157148,5,6839
194,5321,66,171,4848297,28353,21,3306,171,939194,5492,19.4,44,36406,171,938022,171,765069,12,4157,11,42815,171,5040450,132,191622,122,68916,8,116685,5,48581,135,3697153,129,62906,5,1742,116,141064,19,53914,5,6320
195,5322,70,191,6557769,34334,54,78047,191,1577935,8261,24.1,63,166756,191,1572818,191,1053622,19,5669,17,73784,191,6867970,160,310198,152,161440,5,45254,5,2672,167,4042884,138,85023,5,1362,142,166170,22,53251,5,3577
196,5330,547,1879,61467731,32713,594,738184,1879,13207645,7029,21.5,691,1453570,1879,13261164,1877,9827111,206,46618,204,419458,1879,65102038,1545,3631097,1379,1656014,47,1037610,70,891046,1555,42576070,1474,824529,17,12147,1357,1933754,207,708944,27,50516
197,5331,33,116,4227276,36442,32,257491,116,1061855,9154,25.1,38,58810,116,1049577,116,703713,11,17605,11,18095,116,4402555,92,175279,80,308224,5,15179,5,4019,96,2626111,97,58858,5,3321,80,90944,18,61671,5,2667
198,5332,64,171,5920894,34625,45,141001,171,1267290,7411,21.4,49,80996,171,1350800,171,928323,7,5194,18,106522,171,6204154,140,283251,129,311936,6,98531,5,23192,129,3411738,135,80363,6,6044,119,155831,20,82080,5,1281
199,5333,847,2859,91500986,32005,922,650367,2859,18330974,6412,20,1137,991414,2859,18885644,2859,14645324,266,159663,322,433930,2859,96842341,2442,5337071,2003,2532678,98,1716114,120,1249151,2322,65339413,2346,1247039,44,37255,2066,2787097,268,830485,87,144948
200,5340,153,548,18360981,33505,160,201591,548,4011620,7320,21.8,166,228685,548,4017676,548,2995177,42,32410,51,131709,548,19431146,475,1069513,357,473802,11,282715,20,105410,456,13032127,453,253718,6,3153,407,488820,56,159349,11,22378
201,5341,1022,3365,104396719,31024,834,992749,3365,21334335,6340,20.4,987,1282997,3365,21059064,3365,16873406,410,319247,385,1109336,3365,109016353,2775,4612832,2334,2217490,77,1256956,153,1874870,2820,79280066,2689,1402977,41,25438,2460,2819466,428,1364594,64,113285
202,5342,83,347,11131667,32080,98,72130,347,2308494,6653,20.7,125,83532,347,2263585,347,1855579,33,-19170,67,282873,347,11618918,283,484517,228,194768,14,129118,21,371673,290,8138784,286,152767,7,4419,254,323095,43,127124,5,6389
203,5343,634,2880,95776711,33256,786,801363,2880,20653268,7171,21.6,888,783783,2880,20299885,2880,16569992,363,-139017,362,787695,2880,100291840,2487,4500035,1932,1862981,48,550664,157,2729104,2461,74444983,2361,1306534,37,25238,2179,2866729,369,1395261,95,159655
204,5344,56,235,7248694,30846,73,96478,235,1428608,6079,19.7,74,48002,235,1405953,235,1117551,15,4709,48,74583,235,7557948,186,308446,162,179409,5,-20318,12,99973,175,4881948,191,97649,7,3637,151,176670,36,144717,5,9945
205,5345,477,1626,51657778,31770,420,391421,1626,10605594,6523,20.5,546,531591,1626,10541277,1626,8422799,177,-12815,233,908942,1626,53854969,1351,2194070,1124,1068673,42,509951,84,1345505,1310,37277226,1314,696835,21,12716,1186,1546615,188,662750,30,57951
206,5346,31,165,4921620,29828,46,29672,165,999375,6057,20.3,45,35445,165,975229,165,858948,22,39423,23,59673,165,5174705,140,252375,112,77834,5,100152,6,47031,132,3578527,128,66226,6,3710,120,122650,13,47474,5,3078
207,5350,29,118,3861600,32725,37,13662,118,771629,6539,20,48,28376,118,800838,118,734422,18,29547,9,10081,118,4028633,103,167023,78,96096,5,17496,11,55019,103,3335556,96,51656,0,0,88,134412,5,12986,5,3742
208,5351,449,2113,74496800,35256,667,782911,2113,16505870,7812,22.2,842,789898,2113,16113032,2113,14046141,259,-48262,227,573240,2113,77511916,1832,3007528,1445,1493070,44,84825,141,1793102,1804,61105518,1764,1018274,26,15103,1554,1955099,159,432727,39,54814
209,5352,550,2410,96001279,39835,1014,1116697,2410,23862855,9902,24.9,1307,1842264,2410,23381121,2409,19672711,292,24354,389,7565468,2410,99990585,2102,3967969,1712,2063958,55,-96012,162,2678976,2021,68690774,2050,1345670,43,28353,1714,2135852,164,509507,63,111598
210,5353,421,1747,63102676,36121,651,668335,1747,14230071,8145,22.6,864,926020,1747,14157914,1747,11675696,175,88218,230,1019337,1747,65759850,1512,2652394,1223,1536863,53,360335,84,909341,1474,47487184,1456,872979,34,20239,1272,1377136,137,459480,46,81363
211,5354,62,180,5494084,30523,61,138174,180,1057153,5873,19.2,66,90428,180,1150533,180,596385,21,-4627,17,41165,180,6262711,132,767664,146,311432,5,142105,5,40768,123,2929622,140,73136,6,3517,95,99202,21,67766,5,6191
212,5355,597,2761,94404150,34192,1077,588615,2761,20459259,7410,21.7,1614,1422264,2758,19956184,2761,17053924,306,643077,405,993862,2759,98319949,2476,3903465,1929,1491837,70,411801,127,1332614,2369,76435088,2356,1319863,24,15847,2120,2272436,171,500148,43,66612
213,5356,74,294,10381505,35311,102,38508,294,2176635,7404,21,134,74376,294,2305476,294,1898146,19,15009,29,60604,294,10763340,258,380823,216,322295,12,375097,23,387301,245,6894839,239,143953,5,2605,210,272016,33,116140,5,2440
214,5357,54,152,4257261,28008,49,18681,152,782961,5151,18.4,69,67904,152,788059,152,653873,16,-14998,12,23507,152,4563761,122,306074,110,83232,5,76653,9,138130,116,3061984,119,56389,5,1644,96,131135,13,45242,5,1944
215,5360,125,531,18815225,35434,184,326093,531,4290074,8079,22.8,268,164957,531,4219834,530,3496956,69,-30168,79,184792,531,19674497,458,854690,371,531960,18,-61415,36,676539,442,14599425,442,259457,5,2359,379,468766,34,96853,11,18152
216,5371,120,575,20467352,35595,176,243448,575,4560094,7931,22.3,211,154413,573,4455390,575,3569091,48,13795,60,233689,575,21320371,497,848526,371,442611,18,67064,36,650328,475,15301437,479,282866,5,1035,415,506207,39,131546,16,22654
217,5372,142,613,21869714,35677,219,162092,613,4768972,7780,21.8,251,192308,613,4833664,613,3706312,72,66,47,69560,613,22787084,553,915269,426,550467,17,417004,24,338563,512,15708037,507,301771,7,4044,460,561010,60,203186,6,10867
218,5373,361,1241,41232546,33225,441,402598,1241,8586143,6919,20.8,554,563835,1241,8611827,1241,7151149,147,20590,142,292106,1241,43147065,1086,1907661,870,1023070,29,375748,74,1007138,1017,30578787,1015,562861,11,7221,887,1137761,128,454627,33,58617
219,5374,185,591,21303262,36046,270,207498,591,4214426,7131,19.8,320,365676,591,4761117,591,3200790,41,-22427,72,280467,591,22471360,477,1167669,452,1088725,43,1370129,29,449603,408,10946853,499,296860,36,29701,338,462038,51,181725,13,19570
220,5381,49,172,6139057,35692,84,46754,172,1128475,6561,18.4,87,121252,172,1372392,172,937004,7,14224,19,25408,172,6469105,136,329363,138,380413,16,140471,9,51691,122,2726890,148,86035,5,1592,94,130476,13,69566,5,6139
221,5400,39,232,8350586,35994,71,44341,232,1782939,7685,21.4,83,128306,232,1815388,232,1482783,16,-16008,16,9998,232,8636309,190,284868,140,204599,7,172774,14,259225,186,5832670,204,116513,5,1899,163,185420,17,77961,8,10560
222,5401,79,337,11819307,35072,129,163946,337,2485495,7375,21,131,162981,337,2567295,337,1898344,41,21598,27,64443,337,12355999,284,536146,240,413339,13,273431,23,323281,244,7408002,279,160961,5,2845,216,329450,36,110122,7,7880
223,5410,13,96,3131705,32622,34,19785,96,624277,6503,19.9,32,67837,96,654151,96,453835,10,1487,16,30763,96,3344072,81,211281,73,93534,5,25807,6,-28616,73,2137101,72,40148,5,556,65,77675,12,35149,0,0
224,5411,44,128,4907695,38341,72,64780,128,997970,7797,20.3,71,106622,128,1134882,128,649756,13,54179,15,35712,128,5061501,96,151282,111,269623,5,242572,8,54072,73,1734101,104,66843,5,681,59,63716,17,61839,0,0
225,5412,126,418,13279759,31770,192,135982,418,2618822,6265,19.7,205,326296,417,2685563,417,1887388,41,6336,57,102435,417,13879618,351,598997,325,388822,7,29836,30,332291,300,7853971,334,176528,5,3740,258,313338,32,93541,5,8513
226,5413,106,396,15957030,40296,212,117661,396,3569098,9013,22.4,219,264247,396,3918319,396,2229360,45,122520,39,93852,396,16792574,321,834627,331,698863,21,672532,13,151841,268,6852257,336,224240,5,2440,233,306250,39,123151,5,6801
227,5414,26,85,2707441,31852,40,37579,85,497631,5854,18.4,28,117831,85,548461,85,365411,9,3624,8,15808,85,2911696,57,204255,69,125979,5,130479,8,120949,48,1101611,67,36342,5,1201,36,59421,15,53913,5,874
228,5415,30,75,2954238,39390,36,51217,75,655215,8736,22.2,25,28658,75,733708,75,459328,17,-10694,15,81258,75,3117150,59,162253,60,174610,5,-27967,5,111225,55,1241302,54,39643,5,4095,42,45428,9,42565,5,4125
229,5416,20,80,3183329,39792,48,41052,80,648561,8107,20.4,43,79741,80,748571,80,502768,10,14740,10,2307,80,3631259,62,447666,65,186769,5,-10949,5,18666,62,1339003,66,43638,5,1300,42,87109,5,18697,0,0
230,5417,171,672,21593814,32134,271,450753,672,4404562,6554,20.4,252,292117,672,4568470,672,3284950,63,55969,76,240088,672,22858523,526,1264530,525,919233,23,185128,51,1156117,514,13307470,548,293900,5,2992,402,711215,71,246569,21,28913
231,5419,23,102,3426987,33598,65,38454,102,654202,6414,19.1,49,40171,102,713819,102,534163,9,-8996,7,21338,102,3694682,77,267673,87,147237,8,59361,6,-2459,64,1768160,83,47631,0,0,53,81800,7,22811,5,3099
232,5422,237,561,17038273,30371,164,93882,561,3119575,5561,18.3,248,402729,561,3380855,561,2786266,48,34066,40,44349,561,17969524,483,929142,434,595366,13,162656,21,224765,416,11019469,427,219800,5,4317,341,423293,91,387596,12,21774
233,5431,179,377,14169290,37584,210,182042,377,2823436,7489,19.9,184,428942,377,3343567,377,2266732,45,15216,37,58549,377,16244960,296,2075214,315,906080,26,719942,16,386027,256,6745557,314,194823,9,6070,208,326309,35,99628,7,14495
234,5432,34,79,2676086,33875,48,45582,79,540501,6842,20.2,42,84377,79,583209,79,272997,6,13870,11,20116,79,2782358,65,106271,72,126692,5,192824,6,40181,55,1213470,65,37207,5,634,38,60483,5,9612,0,0
235,5433,172,470,16004571,34052,168,172923,470,3235749,6885,20.2,224,322177,470,3386270,470,2915135,61,48350,48,115932,470,16801591,387,795233,377,554037,15,190264,31,251578,379,12108352,381,218627,5,2824,315,525250,48,225593,8,11584
236,5434,52,238,7635689,32083,76,64353,238,1453679,6108,19,102,109884,238,1575595,238,1136916,27,-3933,21,79068,238,7989020,204,353331,191,292617,7,-8342,12,168099,204,5330663,201,103340,5,1073,162,208243,22,84190,5,6407
237,5440,28,144,5096404,35392,66,112788,144,1048328,7280,20.6,70,95188,144,1183800,144,797545,13,9086,23,107383,144,5502862,118,405011,133,323013,5,113605,10,124502,99,2430176,118,70867,5,1455,86,161114,14,51331,5,2573
238,5451,66,269,8650906,32160,103,163887,269,1780549,6619,20.6,105,135927,269,1824070,269,1277237,36,25769,37,137528,269,9131969,226,479946,201,326020,12,66246,29,433060,211,5967044,212,115333,5,738,177,247237,29,79733,9,14853
239,5452,65,187,5718145,30578,74,94104,187,1135155,6070,19.9,75,69712,187,1136072,187,716643,24,7055,21,115849,187,6081100,139,362546,147,175259,6,165721,11,139462,138,3569069,154,78388,0,0,115,171482,9,39015,5,3322
240,5453,548,2113,72408796,34268,810,1193847,2113,15781249,7469,21.8,875,1075079,2112,15786527,2113,12039964,289,-86715,312,1627209,2113,76099732,1762,3676769,1554,2249706,66,372805,136,2868063,1709,50017177,1725,990164,22,10749,1423,2092877,185,620825,61,106734
241,5454,49,182,7090004,38956,97,128573,182,1505704,8273,21.2,94,128358,182,1685183,182,1067589,17,35095,23,40388,182,7858639,144,768639,158,407539,7,179820,15,84321,115,2778191,149,98444,5,527,91,186443,15,53944,5,8544
242,5460,65,251,9613097,38299,108,136776,251,1984890,7908,20.6,93,107724,251,2306626,251,1323836,24,19547,19,68670,251,9973975,198,360555,196,591135,12,538592,13,84317,154,4015509,192,128466,5,2781,138,168313,29,101958,5,5302
243,5461,253,977,36352090,37208,481,730339,977,7939507,8126,21.8,462,648672,977,8356096,976,5412236,87,131861,151,316482,977,38508742,857,2156227,776,1685836,37,1149214,51,1271109,713,19242529,813,503104,18,13465,627,865666,75,274065,15,25395
244,5462,46,202,7348822,36380,95,132110,202,1500904,7430,20.4,96,101617,202,1624793,202,1029016,18,-21246,23,54380,202,7987537,159,638704,150,360327,7,539804,11,235002,145,3606767,165,101550,5,594,99,133913,21,84322,5,2239
245,5464,53,231,9839826,42597,131,170499,231,2135458,9244,21.7,127,217088,231,2550850,231,1565656,20,-3577,31,36846,231,10529702,190,689017,195,731275,16,787305,9,79982,144,3060929,178,136323,7,5359,110,168653,23,90901,5,6469
246,5472,28,72,2394017,33250,27,30942,72,458599,6369,19.2,32,47280,72,514678,72,365898,5,6116,5,10164,72,2523305,62,129288,58,121842,5,45933,5,67682,53,1293078,56,32301,5,2151,43,86573,18,70646,5,872
247,5473,86,268,9770246,36456,100,109076,268,2006307,7486,20.5,113,162633,268,2256155,268,1515903,30,11601,29,83210,268,10371200,221,600005,203,500249,7,307188,16,142564,189,5268264,209,131251,5,2731,162,220169,39,137005,8,16294
248,5480,102,352,12442814,35349,179,321453,352,2515462,7146,20.2,160,329478,352,2825723,352,1752138,39,49226,40,98179,352,13953372,277,1510203,296,809422,20,1181488,22,405088,261,6425370,288,170118,5,1041,197,337180,42,189386,8,12136
249,5481,101,242,8004949,33078,113,103770,242,1496357,6183,18.7,112,114397,242,1722855,242,1086193,26,74683,28,33624,242,8483884,181,478927,196,442722,16,490987,14,97890,162,4104906,190,107161,5,1691,129,172994,27,113624,5,3425
250,5482,73,254,9453121,37217,145,137495,254,1873578,7376,19.8,132,165925,254,2138566,254,1479838,17,-5049,29,33873,254,10779131,188,1325666,204,544961,13,539632,15,224518,177,4285348,224,134369,7,4303,118,159202,20,68711,5,7148
251,5483,32,149,6226208,41787,79,80256,149,1225735,8226,19.7,62,75310,149,1576126,149,1072784,19,13192,15,17393,149,6872699,114,645357,120,523205,8,134522,5,32465,103,2702528,129,87900,5,3347,79,139899,14,60773,5,4218
252,5485,77,248,8480463,34195,98,76819,248,1674068,6750,19.7,102,104146,248,1808304,248,1354368,17,-5181,28,124802,248,9149146,205,668561,190,336277,9,95748,15,305523,181,5215781,202,116951,7,4229,153,204922,26,92107,6,10191
253,5491,223,777,29797033,38349,428,866359,777,6347767,8170,21.3,356,426474,777,6964641,777,4641906,82,100777,117,790165,777,33042325,640,3240658,632,1919179,34,931998,61,757745,571,16013016,661,416341,11,6467,472,728869,38,143681,10,22956
254,5495,54,109,3448420,31637,30,15158,109,665699,6107,19.3,33,47317,109,719675,109,604672,8,19568,6,18342,109,3597066,90,148599,89,114800,5,-5188,5,-20341,89,2498980,76,44229,5,218,76,116311,22,89861,5,733
255,5501,547,2431,81418724,33492,508,455723,2431,17205743,7078,21.1,637,385031,2431,16948043,2431,15114551,210,-110688,153,424782,2431,85016584,2075,3585536,1451,1390791,48,638512,139,2591912,2075,66132653,2026,1118034,27,16384,1802,2695688,212,730849,39,57041
256,5502,157,581,21408028,36847,208,157238,581,4524828,7788,21.1,183,379293,581,4849397,581,3793529,55,39410,75,127296,581,22294977,491,884840,407,797204,18,273797,33,407803,457,13713441,477,294145,5,4049,395,484346,53,196934,10,17542
257,5520,80,293,12196354,41626,144,132442,293,2479046,8461,20.3,138,116893,293,2989006,293,2070027,40,130563,28,88091,293,13125339,245,928454,229,817140,12,367601,18,161584,211,5517818,248,170320,5,2888,182,311152,17,59860,6,9365
258,5521,35,87,3953770,45446,60,143218,87,896993,10310,22.7,55,115097,87,1033129,87,534802,5,26589,20,38958,87,4287851,68,333698,82,337805,5,157630,5,3818,39,715603,69,54540,5,2805,30,34180,8,46085,0,0
259,5522,192,409,16247118,39724,148,170121,409,3709027,9069,22.8,177,301950,409,4103376,409,2559212,75,108954,34,76185,409,17153029,318,905100,330,799358,14,301064,32,404375,270,7871815,317,216199,12,6531,228,334317,42,183357,9,17269
260,5523,201,729,28736457,39419,366,413656,729,6317567,8666,22,381,839556,729,6815990,729,4879394,89,7470,97,181956,729,30776792,620,2037947,585,1345577,26,1122465,41,410433,521,16481215,615,400054,11,6517,453,717219,72,279810,17,28494
261,5540,1457,5385,180719918,33560,1378,916451,5385,38308720,7114,21.2,1855,1933997,5385,38144440,5385,34334659,666,116981,455,1158554,5385,187693759,4829,6929447,3731,3428869,43,509760,236,5418668,4685,148505559,4294,2427732,44,29074,4152,4340977,874,3563907,126,228494
262,5550,90,312,12097149,38773,102,98933,312,2669211,8555,22.1,98,204148,312,2954939,312,1951168,30,58565,16,27978,312,12689644,268,590034,217,554831,21,557414,18,230124,239,6176098,245,159842,5,4704,213,185284,39,155833,5,5514
263,5552,12,93,6087027,65452,67,100909,93,1497551,16103,24.6,53,72080,93,1868903,93,948621,11,26136,12,4937,93,6430574,69,343547,82,563010,5,3593,5,37088,36,663834,87,89975,5,754,26,50326,5,21063,5,6397
264,5554,462,1841,72038238,39130,778,856183,1841,16485689,8955,22.9,797,1439012,1841,17495210,1840,11776020,226,314753,191,360865,1841,75787424,1568,3746440,1407,2924702,27,526199,102,1436151,1362,38523546,1479,980306,25,16555,1186,1302364,209,702562,30,54486
265,5555,86,365,19992868,54775,251,416514,365,4839374,13259,24.2,186,429375,365,5803307,365,3207304,31,93316,50,115329,365,21257984,287,1264978,326,1678493,18,555691,13,186750,189,4024868,314,288389,5,2424,141,123829,28,121056,7,10861
266,5556,308,871,26291635,30186,225,193497,871,5114718,5872,19.5,350,440040,871,5280207,871,4424777,91,158983,63,172764,871,27551822,763,1259312,619,716482,14,48263,58,741545,700,19216972,637,336565,8,5363,640,800881,153,643367,15,19223
267,5558,433,1099,37113746,33770,366,393571,1099,7780320,7079,21,472,593704,1099,8202565,1099,6174501,144,108315,127,465335,1099,38682461,897,1563274,836,1335643,15,24270,72,1233200,754,21039467,837,485642,7,5970,658,757998,171,729644,15,30488
268,5560,55,237,11297547,47669,130,193070,237,2596333,10955,23,128,317388,237,3111091,237,1948718,23,13315,21,85409,237,12046020,195,747968,192,873254,14,899489,18,183544,136,3497224,199,160303,0,0,102,141247,22,84544,7,8891
269,5570,29,87,3146218,36163,24,26692,87,619575,7122,19.7,37,85543,87,717769,87,509451,0,0,5,2303,87,3244732,73,98514,64,172193,5,179415,5,55353,62,1755231,69,42307,0,0,52,62268,12,50732,0,0
270,5571,181,679,25248773,37185,323,350933,679,5176040,7623,20.5,328,391443,679,5818891,679,3995883,75,129582,86,189054,679,26521546,534,1271009,543,1367972,19,276344,36,769733,444,12044985,562,345172,7,4982,372,385351,74,268684,12,19539
271,5573,228,926,39296123,42436,495,1068258,926,9179612,9913,23.4,443,919020,926,10030487,926,6182788,115,70270,116,407585,926,42133079,745,2836020,762,2505467,32,1259965,52,724181,618,16996772,777,550347,14,18349,495,663790,91,410512,10,19492
272,5575,286,765,26400183,34510,375,557915,765,5382180,7036,20.4,367,326643,765,5873423,765,4136325,95,105312,106,399290,765,28117929,617,1712540,626,1418889,26,748099,48,570252,518,13567357,587,354147,7,4240,430,633045,97,410608,16,29837
273,5576,127,488,18132548,37157,217,241354,488,3765039,7715,20.8,248,383722,488,4304032,488,2546370,62,20549,48,53214,488,19085047,388,951003,398,1038524,21,683681,30,697815,325,8212341,391,241212,5,4970,268,346700,60,264728,8,11365
274,5577,95,273,8472135,31033,128,160421,273,1542773,5651,18.2,116,194987,273,1720441,273,1106541,41,66943,30,106117,273,9315673,204,843254,227,452449,19,588905,19,245624,177,3964633,206,110289,5,1161,128,216105,21,81210,5,7689
275,5580,29,146,6349541,43490,98,127583,146,1346263,9221,21.2,90,166291,146,1604344,146,986454,16,44004,21,12176,146,6841299,114,491135,130,476633,15,291893,7,124348,74,1655792,122,87939,5,2340,59,80419,13,63241,5,6293
276,5581,99,153,5668591,37050,74,170668,153,1219244,7969,21.5,77,151114,153,1351753,153,890713,26,20990,24,139153,153,5923159,122,254361,131,387363,5,123046,12,128157,89,2239564,118,75628,5,2381,67,96429,17,74847,5,5158
277,5582,105,218,7706845,35353,108,122885,218,1490014,6835,19.3,120,141816,218,1738792,218,1165580,30,-3,31,62661,218,8209697,176,502624,188,478557,5,77220,13,153869,137,3893635,162,99576,5,1113,120,151514,27,130800,5,1104
278,5583,111,264,7802702,29556,114,99255,264,1425733,5401,18.3,128,151954,264,1542299,264,1077753,34,66947,28,54677,264,8124161,209,321143,217,318936,10,349937,25,243707,180,4362215,186,96974,5,1081,155,205205,41,189525,5,3023
279,5600,666,2860,113831781,39801,1169,908907,2860,27252323,9529,23.9,1137,826337,2860,26546983,2859,25515476,513,-690309,292,866000,2860,119389257,2670,5546404,2065,2058148,22,-238939,121,1332515,2631,103332043,2441,1601840,53,35673,2469,3964689,262,1000582,132,236363
280,5602,155,472,15757655,33385,209,215971,472,3144667,6662,20,229,281522,472,3416400,472,2541500,51,-18639,42,76771,472,17081329,391,1323352,375,715670,13,320885,16,130233,339,9380026,373,213550,5,2083,279,400389,50,182698,12,28729
281,5603,67,195,7763279,39812,118,153575,195,1574065,8072,20.3,79,148749,195,1869870,195,1250566,17,-31308,26,105302,195,8504095,156,740506,162,574783,7,367496,8,38944,125,2668891,162,108928,18,12973,99,136903,21,77264,6,11065
282,5604,43,130,4536923,34899,65,89715,130,850224,6540,18.7,47,70371,130,982093,130,652798,10,-5428,14,35868,130,4923568,94,385785,104,293834,9,404865,7,52986,75,1814536,110,63314,10,6932,56,91745,10,38491,5,5195
283,5605,222,709,25883496,36507,350,332915,709,5173017,7296,20,338,403478,709,5860704,709,4104162,83,49579,95,252639,709,28042744,572,2158828,550,1402734,26,646983,38,543600,492,13179786,586,353238,19,18603,401,555116,67,225617,11,18522
284,5606,1356,6321,234332385,37072,1773,2860445,6321,55429430,8769,23.7,2250,2018831,6321,54537541,6319,42164096,866,-265172,626,3735053,6321,244793428,5205,10446434,4091,5444697,99,1312526,383,7630421,5240,162649829,5239,3237947,198,134844,4352,5437709,834,2975857,154,268767
285,5607,279,917,36115573,39384,440,476072,917,7542041,8225,20.9,370,468509,917,8796963,917,6036849,113,192139,132,617302,917,38077317,669,1961308,707,2273771,41,1951530,53,541267,596,15213391,733,492947,42,42652,466,525291,124,431610,17,30694
286,5608,1102,4551,159233101,34989,1333,445721,4551,34872037,7662,21.9,1329,587507,4551,33984149,4551,34046777,400,-532466,257,732855,4551,165427904,4343,6181216,3173,1985880,7,7085,163,1780920,4325,150156400,3700,2174238,107,55831,4125,4873767,737,2866981,169,290867
287,5609,64,312,12662584,40585,133,47713,312,2998490,9611,23.7,133,43328,312,2928874,312,2857621,42,-202585,29,98947,312,13160723,306,495221,228,190012,0,0,12,40040,294,11929507,280,180365,7,3602,287,381299,23,83612,11,20565
288,5631,134,564,25616719,45420,319,496361,564,5816188,10312,22.7,241,349000,564,6837582,564,4287608,52,-6475,95,419329,564,26821603,411,1203495,467,1913705,12,426062,24,351526,377,9275885,476,361201,37,27079,273,289187,55,194894,9,17443
289,5632,28,153,11267761,73645,119,239418,153,2998161,19596,26.6,81,122436,153,3704674,153,2303094,14,28124,26,106134,153,11814872,93,547111,146,1129427,9,482110,6,20519,68,1443472,134,163749,15,16430,43,72064,9,36777,5,8555
290,5633,56,217,9978697,45985,156,205343,217,2090549,9634,21,122,129982,217,2637343,217,1540278,16,-16720,29,92787,217,10869423,154,890465,195,911321,17,413760,9,25489,104,2291604,184,143632,14,12590,71,58142,23,108728,5,5785
291,5640,130,602,24429077,40580,325,413820,602,5282143,8774,21.6,281,503231,602,5947785,602,4235447,68,121695,73,198492,602,27125292,491,2693181,463,1459392,23,882446,39,404687,419,11617643,529,349759,19,14555,326,448890,33,121728,17,25836
292,5641,153,587,24650003,41993,346,438435,587,5250950,8945,21.3,275,433810,587,6260991,587,4089808,45,-8372,65,95858,587,27480043,469,2827764,479,1832055,29,1683846,27,268474,384,9805215,498,348673,21,18284,297,452511,35,92096,13,18294
293,5642,39,121,5108822,42222,87,138201,121,1008751,8337,19.7,68,90055,121,1309518,121,754428,15,-16586,17,5537,121,5779484,93,670379,113,517407,9,354546,5,18771,67,1274701,98,69920,8,7261,53,94367,10,42048,5,4811
294,5651,24,112,5727934,51142,80,121419,112,1280605,11434,22.4,42,23576,112,1640457,112,980504,9,-1942,22,51343,112,6175232,79,447298,105,569993,5,8048,5,15923,55,1026402,91,81716,5,4571,45,68387,13,43535,5,3994
295,5652,98,369,13022811,35292,187,126063,369,2670467,7237,20.5,152,117601,369,2921555,369,2253154,38,28647,48,62558,369,14495895,296,1472087,285,570167,19,448575,19,205477,273,7504749,315,182453,9,5108,232,426807,22,60678,9,17583
296,5654,44,130,5133408,39488,69,40232,130,966163,7432,18.8,61,29688,130,1254242,130,873104,16,31510,15,66838,130,5568624,103,435216,107,401188,12,139398,6,32120,90,2478393,114,69455,0,0,82,139367,10,46360,7,14892
297,5661,35,71,2742116,38621,47,46398,71,572340,8061,20.9,30,25255,71,650991,71,505523,7,-3974,5,2917,71,3264324,60,522208,61,165779,10,178642,0,0,50,1255008,60,38171,5,1678,40,84148,7,27094,5,2517
298,5670,64,200,6590311,32952,78,37677,200,1303131,6516,19.8,90,84704,200,1376236,200,1101342,26,-3390,25,119927,200,7042462,151,451977,143,205788,9,171905,19,156479,152,3880987,160,88355,9,4249,121,186038,36,160346,5,10240
299,5671,18,82,3390321,41345,51,69183,82,736545,8982,21.7,36,98816,82,884325,82,641296,6,36,18,110030,82,3808672,56,418361,72,271850,13,348181,5,15877,62,1470868,68,47105,8,7758,43,147440,5,14951,5,9152
300,5680,252,847,26654689,31470,325,323816,847,5212060,6154,19.6,311,471235,847,5609206,847,4317561,90,45954,76,248147,847,29117953,675,2463217,666,1101868,46,461530,59,750968,634,15960156,660,353846,17,12402,544,977742,129,503868,17,24107
301,5690,556,1543,46552961,30170,419,303850,1543,8780526,5691,18.9,504,460915,1543,9058581,1543,7756521,182,-124791,107,391660,1543,50211759,1372,3657813,1184,1255907,45,882086,86,928561,1347,37499551,1276,629276,21,14289,1261,2384916,309,2109508,44,76158
302,5700,1137,4691,158609157,33811,1135,673613,4691,33014122,7038,20.8,2075,1208967,4691,33186394,4691,30667319,520,-457244,392,648096,4691,165671379,4345,7035262,3301,3192048,21,26924,196,3297109,4106,135616403,3893,2160520,68,40883,3771,5305811,672,2827944,163,297882
303,5710,167,732,25030562,34195,167,41247,732,5198804,7102,20.8,342,192754,731,5309273,732,4910927,84,-154338,61,192395,732,26392720,684,1356315,536,525734,5,-25460,31,319252,647,21796217,616,344757,7,3616,603,1014663,79,310281,12,20630
304,5720,32,228,10687789,46876,39,63554,228,2688099,11790,25.2,76,40869,228,2741571,228,2529274,37,-60470,14,20227,228,11009121,213,319906,208,280431,5,13406,9,512624,213,8867652,200,144968,24,14413,199,273024,23,54193,14,25467
305,5722,90,127,5335282,42010,27,13025,127,1105703,8706,20.7,33,18978,127,1224901,127,1055418,23,-931,17,146424,127,5629006,108,293613,127,215364,5,-1246,13,214811,111,4770920,120,76680,6,3974,89,170453,18,88251,0,0
306,5723,418,563,17866926,31735,74,89365,563,3007197,5341,16.8,137,87689,563,3502812,563,2550362,84,-44692,35,213054,563,18451693,460,584625,538,850914,5,36485,69,790993,466,14004101,505,250132,9,5449,378,370802,92,449436,24,38635
307,5724,32,86,3792233,44096,13,8035,86,833336,9690,22,23,15109,86,917845,86,743785,12,-17204,6,9233,86,3885300,69,93064,81,151463,5,-44546,11,323365,66,2834366,81,54158,5,1641,58,63613,6,32990,5,11447
308,5725,356,1786,94832191,53098,435,202792,1786,24264297,13586,25.6,521,209002,1786,25250395,1786,24062121,452,-1427991,342,1422469,1786,98467615,1718,3614299,1732,2733639,28,-243172,57,566617,1757,94973164,1721,1400712,142,84915,1593,2599668,88,253333,56,123263
309,5731,102,353,17495072,49561,113,26141,353,4353079,12332,24.9,199,94461,353,4578252,353,4289956,113,-215544,46,154885,353,18075391,340,575627,342,549815,7,-13521,19,159058,345,17280560,335,255212,13,7209,325,426321,13,41747,8,13427
310,5732,39,70,1842789,26326,8,724,70,205688,2938,11.2,18,18183,70,318428,70,193489,8,-3203,5,3716,70,1913924,63,70324,70,140710,0,0,5,17212,61,1049510,66,26118,0,0,54,53178,29,310289,5,497
311,Other12,651,2495,95394372,38234,1078,1141100,2495,20506588,8219,21.5,956,1461218,2495,22752960,2494,15690925,270,46209,231,748297,2495,101493342,1978,6090722,1943,4799319,100,3658586,132,2347914,1793,50612082,2064,1320828,82,57148,1478,2399041,240,980347,59,108380
312,SA total,149829,649021,23628215472,36406,201241,284260826,649021,5388864888,8303,22.8,255120,288692320,648934,5334679135,648950,4525930685,73431,8172174,69007,320111136,648965,24691456138,562916,1060468506,430809,578342276,7469,50952075,43281,876619708,545354,18219690694,540826,324785255,8355,5078633,467589,624263380,65223,228790201,23693,39705685
