,Unnamed: 0,Unnamed: 1,Unnamed: 2,Unnamed: 3,Unnamed: 4,Unnamed: 5,Unnamed: 6,Unnamed: 7,Unnamed: 8,Unnamed: 9,Unnamed: 10,Unnamed: 11,Unnamed: 12,Unnamed: 13,Unnamed: 14,Unnamed: 15,Unnamed: 16,Unnamed: 17,Unnamed: 18,Unnamed: 19,Unnamed: 20,Unnamed: 21,Unnamed: 22,Unnamed: 23,Unnamed: 24,Unnamed: 25,Unnamed: 26,Unnamed: 27,Unnamed: 28,Unnamed: 29,Unnamed: 30,Unnamed: 31,Unnamed: 32,Unnamed: 33,Unnamed: 34,Unnamed: 35,Unnamed: 36,Unnamed: 37,Unnamed: 38,Unnamed: 39,Unnamed: 40,Unnamed: 41,Unnamed: 42,Unnamed: 43,Unnamed: 44
0,,,,,,,,,,,,,,,,,,,,,,,,,,,,,,,,,,,,,,,,,,,,,
1,Postcode1,Non-taxable individuals4,Taxable individuals2,Taxable income (excluding losses),Mean taxable income5,Total imputation credits6,,Net tax ,,Mean net tax7,Net tax ratio8,Gross interest ,,Gross tax ,,Assessments issued ,,Net rent ,,Net capital gain ,,Total income or loss9,,Total deductions10,,Total tax offsets & credits allowed11,,Net business income/loss-PP ,,Net business income/loss-NPP ,,Salary or wages ,,Medicare levy ,,Medicare levy surcharge ,,Total work related expenses ,,Gifts or donations,,Comm of Aust benefits & payments ,,HELP assessment debt ,
2,,no.,no.,$,$,no.,$,no.,$,$,,no.,$,no.,$,no.,$,no.,$,no.,$,no.,$,no.,$,no.,$,no.,$,no.,$,no.,$,no.,$,no.,$,no.,$,no.,$,no.,$,no.,$
3,6000,560,2915,171678824,58935,615,3346995,2915,50654937,17389,30,975,3139330,2900,49836790,2915,38448291,510,-631187,330,9085202,2910,180387381,2230,8679663,1805,4946153,30,-1120286,245,9838157,2465,123527194,2145,2162324,265,202138,1785,3771393,790,309158,175,669205,160,517710
4,6003,350,2000,92446854,46270,355,1275104,2000,23364901,11694,25,610,1280959,1995,22713353,2000,20630649,245,-814532,155,1945464,1995,96589478,1620,4111917,1205,2019029,20,-248132,170,3830968,1810,78450687,1590,1260045,165,103208,1420,2723762,600,162750,215,891561,165,508483
5,6004,570,2960,179407942,60570,750,4617428,2960,52476887,17717,29,1155,3115886,2955,51952401,2960,42559237,470,-2319096,400,16110720,2955,192739269,2405,13220101,1940,6660022,45,-400719,205,7172976,2535,126863049,2320,2376640,200,140859,1935,4148049,905,1792399,160,655273,150,477321
6,6005,335,2380,154069748,64762,565,4158855,2380,46483032,19539,30,935,3523493,2370,45716545,2380,35913398,340,-1149350,320,14153534,2375,165079974,1925,10557867,1440,5607814,45,-1153912,165,8780036,2060,103522946,1950,2039087,185,119629,1585,3494315,750,376279,140,544115,170,555944
7,6006,635,3960,209680696,52963,1205,2958194,3960,55595539,14043,27,1480,3109283,3960,53976670,3960,46273950,835,-3259061,530,7664344,3960,220323873,3365,10446862,2585,4551700,60,-709767,420,12909011,3390,164003154,3395,2981142,230,146376,2745,5878983,1555,491673,320,1332621,265,722359
8,6007,485,3575,219282094,61355,1110,3878915,3575,63686192,17819,29,1470,3535895,3570,62003840,3575,51670866,710,-3334962,535,11026811,3575,231080554,3085,11674728,2310,5555103,65,-1872412,340,17754176,3110,165164870,3085,3129949,240,145537,2520,5544302,1385,619860,260,1079402,245,746034
9,6008,1105,7490,537973229,71806,3000,14267256,7490,166588046,22235,31,3510,11230728,7480,164788143,7490,126729870,1460,-6363400,1455,45048017,7490,574981477,6270,36572678,5275,20514424,170,-5244314,735,35208468,6100,353070439,6440,7562603,435,299896,4735,11903789,2990,3051818,435,1766791,405,1348433
10,6009,1915,9240,869022452,94070,4645,41843386,9240,300588323,32538,35,5025,29047387,9200,298143637,9235,181635567,1915,-7662379,2175,90544020,9220,933929597,7470,64439756,7150,52104380,280,-6192780,945,91600569,6620,412171136,7765,12302138,265,179458,4780,13064095,3660,4650629,545,2493171,370,1135561
11,6010,1560,8350,693672258,83065,3930,29194669,8350,228049121,27308,33,4295,20552896,8330,227005368,8350,155212583,1525,-7174455,1960,78114514,8340,748973749,6935,55079385,6345,38136460,240,-6317305,800,44705429,6055,367159480,7010,9589864,300,202847,4530,11662341,3360,3825208,415,1566167,295,927405
12,6011,770,5320,553274266,104038,2565,32219974,5320,197653114,37167,36,2670,14936312,5300,195100575,5315,121644133,1155,-8004338,1400,78345970,5310,598397246,4350,44488583,3965,37870812,165,-4208578,550,38330884,3715,244668904,4590,7863219,265,199398,2720,8011449,2030,3413700,220,891696,185,591612
13,6012,810,4205,402146468,95658,1650,31306984,4205,142715271,33947,35,1830,9701720,4195,140873486,4200,90731737,685,-3242846,845,68574333,4200,433452975,3400,30989357,3045,35395416,115,-5839893,370,19079282,3235,177871904,3480,5676230,175,161893,2420,6094009,1515,5080426,305,1275406,150,421209
14,6014,1815,9865,621793618,63017,3835,16612091,9865,182039916,18449,29,4430,12648444,9850,179607321,9865,141164850,1800,-7582860,1780,47380177,9860,656458145,8440,34132020,7095,23391139,210,-3463543,840,37933495,7895,416097825,8255,8695681,405,256312,6345,12943922,4100,1761367,560,2159698,380,1132036
15,6015,775,3740,356402497,95244,2040,16701090,3740,122974324,32863,35,2085,10405485,3730,121822413,3740,80609211,855,-3859927,990,49500751,3740,381724639,3075,25053612,2955,20768672,130,-2927188,365,24486511,2465,163000776,3230,5050440,100,86709,1815,4800464,1505,1144389,120,532127,70,222459
16,6016,690,4420,222277670,50300,1225,1834292,4420,57228282,12951,26,1480,2498786,4410,55581239,4415,50940186,760,-3564863,550,7614257,4420,232624184,3805,10385743,2880,3613900,50,-476223,415,10002203,3885,186407063,3770,3158891,265,161343,3225,5872981,1690,456602,315,1309625,220,621971
17,6017,305,2010,85067434,42343,340,1009767,2010,19763320,9837,23,610,1041423,2010,19211526,2010,17197758,235,-808804,150,2595653,2010,88620473,1725,3471670,1215,1751298,10,-196481,155,3264826,1795,71059056,1710,1190857,110,68623,1520,2206830,725,127200,195,772320,85,240312
18,6018,3270,16290,847714737,52039,5455,15604771,16290,220052861,13508,26,6720,15981459,16270,217578610,16285,182595980,3005,-13004986,2520,46957269,16285,895138893,13965,46778601,11225,25877067,205,-2099309,1405,39905916,13260,628847165,13840,11876522,725,458005,10945,20977678,6515,2452079,1000,3811514,680,1880273
19,6019,1785,10590,556988190,52586,3225,9729852,10590,146475146,13829,26,4030,9703772,10575,143896524,10590,123155213,1840,-8964551,1555,26190870,10585,587581331,9165,30404033,7030,15637684,160,-2549151,905,25917361,8815,421017820,9045,7806618,740,483031,7345,14607279,4175,1219770,705,2642783,475,1395815
20,6020,2310,12140,675837613,55661,4770,19319594,12140,183785407,15136,27,5230,12554048,12135,181888652,12140,139408447,2595,-13060459,2060,42321919,12135,717087242,10300,40668897,8810,27622422,230,-2534341,920,28737827,9795,463360325,10320,9540747,490,332240,7965,14785247,4880,1396928,605,2181031,390,1074553
21,6021,1665,8695,396950208,45642,2470,4268843,8695,95126912,10938,24,3605,7021013,8690,93184852,8695,78569646,1660,-1727175,1040,20575860,8695,413635436,7345,16224247,5790,8315843,80,-652438,730,16100401,7150,292308353,7355,5556124,375,236941,5960,9006747,3180,554348,590,2424369,280,755632
22,6022,515,2780,119258311,42883,785,918975,2780,26827578,9647,22,1025,1522531,2780,26561508,2780,23749563,435,-1542314,320,4246966,2780,124038371,2430,4719908,1890,2470028,20,-266160,210,5980170,2380,96753669,2365,1662898,130,84540,2005,2904189,1150,260079,175,622540,80,204330
23,6023,1710,8995,460689986,51216,3140,7307013,8995,119120350,13243,26,3760,7040122,8985,117694559,8995,100500673,1530,-6605992,1345,25689738,8990,483884738,7745,23019099,6480,12847601,125,-2145091,760,18257672,7530,347341725,7650,6490079,370,227141,6220,10718575,3620,931340,455,1542173,295,776019
24,6024,1475,7635,325686278,42651,2060,2234870,7635,72805031,9534,22,2740,3529471,7630,72167567,7635,65819500,1030,-4346705,810,8399167,7635,339942862,6670,14220343,5230,6580681,45,-329644,635,14433872,6595,273066640,6450,4530283,355,219087,5580,8699324,3235,814957,470,1741115,265,703796
25,6025,2980,16565,800163089,48310,4425,10378439,16565,200041700,12078,25,5870,10752895,16550,196970142,16560,169800418,2735,-16471560,1955,41144309,16555,840916950,14340,40280402,11280,19414912,175,-3358388,1375,39280401,13975,622264547,14005,11211059,790,509144,11915,20085507,6485,1414587,855,2821785,470,1225492
26,6026,2395,12840,591982405,46105,3765,7104356,12840,141735845,11039,24,4920,6504880,12835,139837852,12835,121517008,1885,-9699122,1550,16249300,12840,619611125,11175,27399707,8915,14269730,145,-1455953,950,23524061,11025,475157766,10845,8290094,585,365217,9270,14360615,5410,1513686,635,2201775,340,924573
27,6027,4140,22210,977186535,44000,4705,6819319,22210,229923762,10353,24,6935,9779537,22205,225345323,22205,203274602,3375,-20290104,2105,33249734,22210,1020638880,19270,42706473,14545,17155115,175,-1901542,1795,49215640,19125,805404146,18560,13601057,1360,860068,16470,26788888,8200,1644430,1365,4758707,565,1492386
28,6028,1670,8935,413911073,46314,1620,2540176,8935,100563511,11252,24,2570,3146218,8935,98333097,8935,89651798,1340,-8348370,810,11670069,8935,431025715,7715,16967908,5710,6692475,60,-694799,730,19708531,7775,350841122,7415,5769791,590,383385,6685,12139561,3285,650467,385,1241140,190,479854
29,6029,270,1530,105034102,68695,610,3074036,1530,32158097,21032,31,620,2344068,1530,31530832,1530,23891551,400,-3078009,315,16140823,1530,112604116,1285,7313181,1095,4038623,55,-928366,160,4914384,1195,61101490,1330,1512226,70,43914,965,2258229,600,895336,80,298691,55,159482
30,6030,2900,12755,546955337,42882,1725,3350835,12755,125346267,9827,23,3125,5316257,12755,124157039,12750,112308650,1455,-9640895,985,19597288,12755,574102670,11050,26762032,8205,10379252,95,-606907,1095,27529723,10725,449151854,10355,7442756,815,515882,9565,17683533,4860,1112841,820,2889620,285,743146
31,6031,600,3350,141469370,42242,410,613383,3350,32111962,9589,23,850,1018729,3350,31216704,3350,28592216,325,-1674789,220,3358547,3350,147987917,2845,6365521,2005,1874592,20,-72245,275,6736024,2870,119009612,2790,1961552,200,133922,2530,4341615,1105,267656,140,449752,75,179557
32,6032,35,150,7091230,47914,20,22041,150,1753718,11849,25,45,49233,150,1699576,150,1498108,40,-174484,20,467954,150,7473782,125,382552,95,77165,5,33297,15,227670,130,5648420,125,100099,5,5271,105,249765,70,16448,5,18444,5,1140
33,6033,55,240,11572584,48219,50,264144,240,2777648,11574,24,70,150895,240,2832362,240,1791913,40,-77017,20,217224,240,12229524,185,656940,155,487120,20,350529,25,496589,155,6487212,195,157021,15,9441,130,239612,70,48115,5,18368,5,4709
34,6035,300,1030,42344041,41071,140,272389,1030,9205575,8929,22,285,516926,1030,9284278,1030,8005037,115,-485854,85,1355894,1030,44518178,885,2111082,715,976606,15,149798,110,2912496,840,33674066,830,568897,70,45319,735,1427049,390,57561,85,310408,15,25029
35,6036,430,2150,91459174,42559,215,103066,2150,20412384,9499,22,595,601145,2145,20311705,2150,19140930,165,-856674,130,1991387,2150,95352431,1870,3821424,1280,1410593,10,-204350,200,5405617,1880,79716926,1765,1253269,155,100693,1680,3049009,790,145323,100,354073,65,131589
36,6037,240,730,31676400,43274,130,271181,730,7252092,9907,23,210,544232,730,7302746,730,6291938,100,-292755,75,1774483,730,33445638,635,1740591,520,799176,10,-412601,70,1503470,570,24091938,580,430883,40,34054,500,920334,230,32482,65,212069,15,39880
37,6041,155,430,18966848,44109,80,268550,430,4292053,9982,23,135,211405,430,4435218,430,3631220,70,-126083,55,1157191,430,19849273,365,881750,315,703501,5,31503,45,763166,330,13911594,360,260842,30,20500,285,483003,150,50676,30,104142,5,1500
38,6042,20,80,3678919,46569,15,18128,80,816981,10342,22,30,67371,80,860770,80,532122,15,-91309,5,32875,80,3786971,60,108052,65,118518,5,432401,10,324965,60,2108261,65,50620,5,1905,55,82067,20,4458,5,29890,0,0
39,6043,35,105,4902592,47140,35,307591,105,1174028,11289,24,55,201343,105,1245006,105,561627,20,41637,15,136546,105,5428644,70,526052,90,447351,10,304565,15,325126,55,1822806,75,64677,5,1783,35,43057,25,2485,10,38791,0,0
40,6044,120,485,20904138,43280,115,299696,485,4638792,9604,22,185,605463,485,4866275,485,2743604,75,-298437,55,853250,485,21946221,350,1042083,365,836464,40,2143242,55,1202419,305,9914957,385,278293,25,18534,235,298465,100,13079,30,120624,5,10183
41,6050,1300,7670,485942030,63373,2835,13344648,7670,142914886,18638,29,3240,10300539,7660,140614003,7670,104540886,1555,-4971942,1315,34759574,7665,514050849,6460,28151825,5325,18374557,135,-1426058,710,29258352,6240,317353715,6620,6924680,355,222459,4880,9977606,3055,1583335,575,2298688,395,1161425
42,6051,775,5565,256521327,46087,1150,2035630,5565,62339697,11200,24,1865,3006467,5555,60775336,5565,57178191,805,-3486773,575,9210489,5565,268618275,4850,12017521,3430,4433236,50,-475399,420,8006184,5010,219277892,4760,3614306,400,234237,4130,7409268,1960,668288,565,2338238,340,1043389
43,6052,885,5145,249779912,48529,1430,2568541,5145,62049918,12056,25,1900,3294297,5145,60517227,5145,55653717,930,-4345483,650,8512352,5145,260846724,4480,10974678,3355,4872196,65,-704882,445,9703387,4500,210914059,4440,3545255,245,148672,3770,6559323,2000,523107,380,1462764,270,710472
44,6053,1085,6125,273756338,44710,1460,2004626,6125,63842621,10427,23,2100,2971981,6120,62349519,6120,58335934,965,-3933366,640,8078840,6120,285403410,5360,11561569,3870,4750023,60,-403131,560,11146499,5345,233579257,5265,3844123,380,233050,4535,7202315,2280,517947,460,1757241,275,706292
45,6054,1695,8830,373918196,42342,1700,3330828,8830,84549389,9574,23,2690,3036199,8825,83100776,8830,75697446,1120,-3706276,710,8947755,8830,388101842,7720,14136994,5595,7579276,40,-669097,660,13837299,7810,315012547,7400,5185250,510,310039,6710,9429752,3265,698502,705,2715057,300,777294
46,6055,1005,5455,267136630,48989,1170,3516239,5455,67881322,12448,25,1605,3125956,5455,66368862,5450,57205748,755,-1608199,510,22871895,5455,278546537,4620,11265684,3400,6123102,65,-1395512,475,12010389,4560,194893488,4695,3783685,310,192896,3875,6247695,1715,458062,270,1117001,135,350345
47,6056,3370,16415,704034128,42890,3235,5702531,16415,161005007,9808,23,4825,7981358,16410,157934213,16415,141542700,2090,-5833923,1415,25258731,16410,733421185,14305,28817955,10615,13478052,150,-855441,1170,26452068,14240,571291964,13880,9826806,1010,649267,12285,16555788,5345,1339526,1260,4882845,330,815239
48,6057,1365,7525,336781811,44749,1510,5181626,7525,79780836,10601,24,2160,3011577,7525,77952956,7525,68362109,860,-3246392,615,8403166,7525,349620043,6565,12678585,4770,8552360,45,-596597,555,12494764,6610,274562568,6420,4727576,455,297972,5725,8529587,2460,425752,400,1497905,145,373221
49,6058,1135,6095,254521292,41766,1125,1913195,6095,56746628,9312,22,1810,2270312,6095,55658619,6095,51011168,620,-2105786,420,5079110,6095,264442814,5335,9845729,3895,4792413,40,-260703,440,10194148,5365,216321211,5195,3568468,355,234775,4695,6574278,2070,329095,405,1420361,115,282417
50,6059,2100,9765,461831853,47299,2965,6046246,9765,113014329,11575,24,3975,9860924,9755,112022071,9760,92927955,1710,-4136267,1305,25719824,9760,485551374,8265,23122378,6690,12001182,90,-1302428,835,23249628,7895,333243703,8195,6437371,420,267281,6485,10755754,3775,1637934,645,2516653,400,1133011
51,6060,1790,10270,454880014,44301,2400,4500015,10270,105910682,10315,23,3785,7632664,10265,103431696,10265,93824967,1540,-4763467,1065,13091609,10265,475985160,8945,20694082,6315,8974220,70,-634199,850,18621380,8875,373716740,8810,6374236,615,356930,7465,12562097,4190,1174545,855,3514171,600,1636874
52,6061,2565,10805,383495475,35499,1300,937832,10805,77120714,7139,20,2550,2586091,10795,75668210,10800,72178848,1055,-3946704,510,6843040,10800,397961556,9445,14436427,6780,5131960,40,-118716,915,19739589,9565,331322402,8560,5139881,520,327337,8420,10606841,4025,693399,1465,6166259,350,871815
53,6062,3410,15725,673917951,42851,4330,7946809,15725,154441839,9820,23,6115,11040717,15715,152114590,15725,128722377,2730,-7221306,1705,26679296,15720,704047466,13450,29904296,10770,15732685,100,-926969,1290,34309377,13060,515827817,13295,9384262,635,378177,11020,15580760,5880,1213382,1075,4180223,480,1286550
54,6063,1155,6230,239965560,38505,870,611768,6230,51175292,8212,21,1435,1471821,6225,49665505,6230,48189270,585,-2443038,295,3815546,6230,248839607,5535,8842581,3695,2748955,25,-142008,475,9841609,5670,214816615,5150,3318026,300,200178,5040,6611002,2115,316539,530,2031431,175,437354
55,6064,2830,12970,478137206,36859,1770,1452321,12970,98331351,7580,21,3050,2988179,12970,96350681,12970,90820968,1460,-5989226,720,8535024,12970,495864396,11335,17247146,8190,6604880,90,616157,1095,24670882,11480,413131597,10465,6485699,600,376801,10145,13186427,5035,820055,1415,5601508,310,769824
56,6065,3410,18500,817729074,44206,3375,6686817,18500,190560826,10302,23,5640,9071923,18490,186583473,18490,163045892,2415,-9475646,1620,31839266,18495,851924144,15755,33656332,11370,15326972,140,-448373,1595,41436405,15440,642712516,15785,11476025,1195,746667,13365,20991879,6365,1347138,880,3044235,485,1220062
57,6066,1880,9050,365491762,40377,1620,2381504,9050,80987202,8947,22,2245,2595390,9050,78883345,9050,73116618,1110,-5466527,610,7609133,9050,379539369,7960,13906787,5665,5805320,70,-611142,700,15341794,8065,316761865,7430,5043849,390,249732,7055,9823940,3495,734098,655,2616775,205,517056
58,6067,10,60,3111439,51857,10,13379,60,776372,12940,25,20,15578,60,753062,60,746188,10,-10012,5,10967,60,3211369,55,99930,35,40627,5,34875,5,83153,55,2886788,50,44312,5,4166,55,67258,25,8375,5,12007,5,16867
59,6069,1190,6525,300725250,46081,1090,2690413,6525,71457915,10950,24,1840,2924019,6525,70060971,6525,63287186,745,-3326807,560,9107759,6525,314615126,5680,13725121,3935,5932474,60,-437216,435,10464464,5705,253085996,5560,4216656,385,256415,4940,8459326,2090,434637,250,898146,170,416590
60,6070,450,1920,99427287,51785,625,1972770,1920,25772423,13423,26,755,1258496,1920,25463498,1920,21096222,390,-1645087,290,4271694,1920,105678209,1630,6185435,1395,3193776,30,-242412,190,5903366,1555,73319909,1650,1411934,100,73003,1260,2374891,740,372443,110,420749,50,125811
61,6071,380,1800,93303104,51778,560,1263755,1800,24104260,13376,26,715,1677771,1800,23893834,1800,20266568,320,-1407340,280,8085349,1800,97833657,1545,4471380,1265,2491206,25,-184425,155,3539299,1480,67610417,1525,1308216,130,89986,1240,2168552,650,205248,80,316111,45,135649
62,6072,95,480,21063896,43701,135,228310,480,4772276,9901,23,160,305241,480,4802453,480,4146150,90,-354243,60,474119,480,22139848,410,1075940,340,574125,10,-70295,35,898907,405,17264633,395,288552,25,15302,340,603730,155,37639,20,82410,10,28730
63,6073,350,1575,74994746,47616,460,1404888,1575,18448518,11713,25,640,1175179,1575,18102707,1575,14871104,250,-1045356,230,3008333,1575,78763166,1340,3665901,1110,2200384,25,-239240,140,3806262,1280,57014002,1335,1057590,75,47694,1045,1632248,555,411766,85,324193,20,61254
64,6074,120,490,23440086,47935,110,211962,490,5761724,11783,25,160,296070,490,5705569,490,5057126,75,-304247,55,1218465,490,24374509,410,849798,325,509544,10,-181583,40,981372,390,18104817,415,326885,20,15352,330,464149,165,26073,30,127425,10,29153
65,6076,2425,11240,577078867,51351,3645,9286747,11240,148204730,13188,26,4760,11499249,11235,148164758,11230,120499541,2035,-5757425,1665,45331360,11235,605978047,9495,28548702,8105,18052665,170,-1884611,920,24958046,8800,393475529,9585,8121724,575,385943,7110,11113908,4060,1483619,525,1912263,240,644004
66,6081,445,2175,103620824,47686,535,815621,2175,25153976,11576,24,725,927741,2170,24749683,2175,21994158,325,-1193749,250,3888183,2175,108779248,1895,5068949,1450,2033557,30,-308632,180,4432883,1830,83932976,1885,1470796,120,88171,1555,2656006,785,209262,105,349180,45,102778
67,6082,340,1385,62684453,45260,290,573375,1385,14908391,10764,24,385,575436,1385,14614089,1385,12513073,195,-590439,125,2550679,1385,65805645,1185,3073086,915,1260010,20,-303236,105,3597680,1165,49898909,1155,879350,100,65534,990,1690957,435,112183,75,279499,25,46333
68,6083,340,1570,79308599,50451,410,1355179,1570,20436024,13000,26,475,1074368,1570,19954080,1570,17229871,240,-808940,170,4407534,1570,83021430,1295,3446625,1060,2120468,30,-579454,140,3162507,1270,61110948,1345,1129043,110,78646,1045,1793662,470,103354,60,186660,30,74132
69,6084,560,2640,117421841,44512,550,1080516,2640,27462458,10410,23,730,1384702,2635,26986315,2640,22541598,325,-1105829,260,3980550,2640,122648752,2250,5096117,1735,2364757,40,-461610,195,4326880,2155,90537754,2180,1599700,155,98046,1875,3020883,685,112612,135,495697,25,65588
70,6090,20,140,6910341,49360,30,172313,140,1836650,13119,27,35,74707,140,1758782,140,1345822,25,11027,20,907997,140,7213070,90,302729,85,198996,5,-4505,20,624144,90,3125119,115,96413,10,7002,65,116110,25,10467,5,10602,5,14118
71,6100,1070,6100,281373538,46134,1430,3236509,6100,68342881,11206,24,2130,3938095,6095,66685115,6100,60764932,995,-4136747,645,9780024,6095,295773191,5280,14248810,3900,5868286,55,-435919,500,12015553,5395,235255049,5075,3917573,400,246838,4485,7936112,2235,593719,520,2153778,295,869129
72,6101,1155,6735,301777325,44814,1420,1672489,6735,71388313,10601,24,2305,3307067,6730,69358795,6735,67313271,1015,-4543838,685,8734822,6735,315025841,5915,13136355,4100,4257800,50,-510583,470,10419055,6085,262969380,5665,4205844,450,273118,5135,8448568,2660,660998,565,2316645,380,1087088
73,6102,1280,4360,167472958,38394,780,1074284,4360,36209893,8301,22,1480,2781855,4360,35610774,4360,33284704,440,-1516655,370,3860475,4360,174366581,3690,6714465,2900,2906679,30,-263388,270,5922394,3800,141655371,3375,2216330,260,145417,3145,4796925,1565,350107,475,2178792,200,554778
74,6103,615,3205,137771835,42960,555,816297,3205,31638684,9866,23,960,1298840,3205,30782031,3205,29605108,445,-1913015,270,3172302,3205,143403789,2780,5595201,1945,2074743,25,-245682,245,5608007,2875,121026190,2715,1922955,205,126240,2435,3797814,1105,225989,275,1102727,145,416785
75,6104,1035,5745,260957054,45439,1140,2566057,5745,62842426,10942,24,1705,2884982,5740,61428906,5740,54075387,865,-3266215,510,8759393,5745,272386245,5035,11144097,3595,5179698,45,-608059,495,14191029,5060,210650139,4865,3651944,365,233555,4365,6904662,2050,475232,410,1434600,215,624843
76,6105,1095,5430,222552046,40971,1065,1555709,5430,48855713,8994,22,1675,2275187,5430,47974256,5430,44725389,670,-2320563,460,5894764,5430,231424314,4830,8691361,3445,4043464,30,-204685,375,7826558,4800,190595714,4585,3063722,295,185599,4170,5823863,2060,407275,415,1629228,165,420069
77,6106,20,165,8536542,51425,45,226698,165,2166416,13051,25,55,130230,165,2151205,165,1642610,25,106156,15,306787,165,8953237,135,414035,100,339582,5,-7896,20,824414,140,6025703,145,119589,10,6792,105,177918,45,8027,5,18496,5,6021
78,6107,2960,14250,570243154,40020,2490,3812405,14250,125225964,8788,22,4270,6365200,14240,122437474,14245,112670383,1745,-5379492,1075,16908445,14245,592881899,12305,22419626,9035,9648178,80,-854719,1025,22815536,12565,482751481,11735,7870436,755,479700,10765,14625997,5045,947886,1215,4788063,425,1119717
79,6108,2185,11275,460557856,40851,2195,2106407,11275,100496986,8914,22,3435,4018216,11270,98893324,11270,91901158,1315,-5199924,855,9844770,11270,477950904,9965,17367195,7215,7557121,70,-295188,740,17551317,10030,398821331,9450,6379681,590,362318,8645,11925177,4300,760197,810,3052032,250,602885
80,6109,920,4455,176252382,39563,700,2271743,4455,38525642,8648,22,1115,1734934,4455,37898707,4455,33127183,370,-967628,270,4706000,4455,183721942,3900,7441747,2850,4289649,20,156037,275,6114703,3890,144468027,3700,2424035,220,140444,3425,4377115,1505,237528,430,1670827,60,139505
81,6110,2745,13735,555485317,40449,2080,2631265,13735,120946987,8807,22,3660,3978432,13725,118376992,13730,110051883,1235,-3909470,885,10831990,13730,576160525,12225,20602249,8460,8635741,65,-621922,960,23433031,12190,480210873,11560,7713763,840,538203,10770,14430397,5030,855789,1030,3768904,250,593924
82,6111,2240,10165,439739295,43269,2040,4327953,10165,101579096,9995,23,3155,4836202,10160,99809534,10160,88402697,1215,-3926491,920,16504047,10160,456669465,8920,16741824,6715,9345031,70,-605739,705,17284384,8715,353095493,8535,6128725,625,413864,7490,10608815,3710,838596,690,2532306,195,465486
83,6112,2880,13130,536325891,40850,1985,3702568,13130,118819751,9050,22,3275,5176707,13125,116998083,13130,103124985,1325,-4374836,900,14036437,13130,558120920,11495,21652942,8260,10037299,85,-219819,890,22838732,11420,438048557,10865,7393210,765,520012,9945,13773811,4490,1044038,1165,4254037,230,584295
84,6121,200,1185,58483196,49395,300,766694,1185,14472235,12223,25,375,800480,1185,14154640,1185,11715874,175,-494506,145,2342329,1185,61086169,1020,2502988,765,1356857,20,-128691,95,1989263,955,42223417,1025,828986,70,48446,825,1332952,405,59189,40,143270,15,36499
85,6122,475,2330,106450620,45707,470,797511,2330,25321716,10872,24,725,1370454,2330,24895817,2330,21741244,320,-1194565,210,3363500,2330,111533771,2070,5042789,1535,2022509,20,-98863,190,6261833,1925,82465315,1960,1485501,140,101452,1700,2635780,1025,225481,110,388227,25,60672
86,6123,155,720,32315907,44883,135,166023,720,7602258,10559,24,180,219141,720,7475455,720,6615500,80,-249730,50,1198919,720,33630165,620,1290897,460,541027,10,-223787,65,1459492,585,25039159,605,452095,50,35783,520,736824,290,55280,30,106160,10,19626
87,6124,105,410,19509133,47352,90,131127,410,4643138,11270,24,135,241171,410,4600520,410,4195219,55,-206421,45,530615,410,20469567,370,956972,275,396636,5,-207335,35,1020532,350,16144215,350,269406,45,31352,320,538101,155,34437,25,85821,10,20198
88,6125,255,1125,54890404,48748,280,414985,1125,13400429,11901,24,385,614599,1125,13296716,1125,11388852,125,-292189,120,3196146,1125,56874748,955,1965425,750,1165070,25,-359672,100,2389076,910,40133977,975,770857,70,49871,755,1113156,405,66240,40,147817,10,24438
89,6126,35,110,4926293,45195,35,147046,110,1175837,10787,24,50,198239,110,1151321,110,828338,15,-32000,15,49598,110,5284624,90,358331,75,199476,5,-113165,5,92291,90,3662185,90,69576,10,5400,70,122198,35,10934,5,23196,5,4270
90,6147,1385,6760,263260006,38932,1285,978909,6760,56040492,8288,21,2200,2367626,6760,55011698,6760,52685953,605,-2376344,475,4490434,6760,273032354,6010,9757515,4335,3891920,30,-438161,445,9218826,6100,231141748,5580,3609966,340,207122,5300,7280116,2635,486704,635,2351961,275,739413
91,6148,1735,8230,419801346,51002,2775,8154637,8230,108353362,13164,26,3570,8219195,8225,107778778,8225,87664466,1315,-4928910,1165,20871454,8225,440326009,7100,20456795,5860,13895111,90,-1000242,560,12875361,6860,307252523,6935,5844617,365,232278,5680,9022094,3490,1209661,510,1904195,265,733723
92,6149,2190,10565,515229039,48768,3765,7075856,10565,129068785,12217,25,4715,8149597,10540,127429797,10565,111398526,1780,-8695983,1560,17928973,10550,538602185,9230,23094886,7600,13197066,130,-1208160,690,17265586,9030,414606936,8785,7190664,345,212750,7440,11385731,4320,1195146,565,2023393,355,954312
93,6150,1675,6660,345266607,51857,2790,9718529,6660,90531147,13597,26,3340,7700442,6635,90347201,6655,71422434,1325,-5328394,1210,18202011,6645,363508722,5590,17963897,5020,14642106,90,-742664,410,9720322,5355,246718837,5370,4776412,195,119329,4240,7287532,2605,1150724,340,1231592,225,623723
94,6151,1390,8475,566790493,66870,3115,17461393,8475,170965599,20171,30,3760,12338324,8460,168377046,8475,129135976,1665,-6917485,1510,53579357,8470,601558758,7135,33843590,5970,23290971,190,-1739286,730,30373978,6875,363610654,7210,7881256,475,319908,5415,11449175,3210,2013447,485,2013459,360,1096832
95,6152,2385,11830,629915128,53247,3925,13356472,11830,167196894,14133,27,4905,13404988,11800,165094979,11830,135741135,1895,-8186972,1815,32603116,11810,665925217,10080,35860196,8190,20788667,150,-1433049,915,28457350,9840,459264184,9950,8801423,565,376832,7870,15441450,4505,1716896,835,3414580,585,1686627
96,6153,2045,10320,735316082,71265,4390,32111334,10320,227853476,22083,31,4970,18308730,10300,225414581,10315,156539226,2055,-8231893,2160,84552720,10310,786850865,8620,50735306,7590,40701210,235,-3049282,860,34652194,7655,401300137,8850,10435763,430,348261,5960,12934899,4025,2861060,480,1796035,325,888851
97,6154,1090,4870,263316825,54080,1865,6913374,4870,70110757,14399,27,2280,6994318,4850,69473117,4870,55398098,910,-2583956,895,17628848,4865,277343212,4160,13974633,3515,10227414,70,-904122,365,10738280,3735,180233955,4095,3685888,170,116650,3030,5427379,1990,733114,230,910672,160,433765
98,6155,4325,22105,1029652211,46578,6120,10234986,22105,248819867,11256,24,8415,13276995,22080,243633432,22105,219462422,3430,-15910601,2575,31653888,22095,1075569091,19135,45381735,14750,20831425,215,-1699534,1485,34744011,19290,857861136,18605,14433403,1090,712861,16260,26650858,8520,1972790,1090,3990030,675,1813758
99,6156,1560,7585,428309408,56475,2610,9878359,7585,117066247,15436,27,3150,8280204,7575,115645412,7580,91371981,1250,-5480825,1205,24645049,7580,451295418,6520,22659853,5215,14954645,110,-932752,635,17243236,6070,294059057,6485,6006646,370,258513,4950,8932245,2920,1037934,450,1697568,265,724488
100,6157,1200,6475,341313990,52713,2040,6113873,6475,88242762,13628,26,2680,6474073,6470,87760640,6475,71293499,1045,-4189033,960,17753767,6475,358923300,5690,17358905,4435,10844898,110,-1319767,515,14328481,5305,249863402,5595,4777662,340,224330,4470,7981064,2605,710297,395,1479037,255,705840
101,6158,640,3615,221272777,61176,1355,6299957,3615,62976406,17411,28,1545,4375835,3610,62093360,3615,47387742,755,-3624414,610,11883733,3615,233872406,3120,12471118,2570,8769321,100,-1806081,350,13515258,2920,150185140,3105,3119251,200,133195,2380,4807036,1395,571148,190,723497,130,393743
102,6159,235,1590,123540177,77747,580,8875373,1590,39838097,25071,32,660,2437583,1585,39297919,1585,25118499,300,-1525059,320,11248078,1590,132097746,1305,8458458,1090,10217794,50,-701325,165,4556720,1220,65017260,1395,1763176,110,75975,970,2368716,585,303386,80,327666,75,210605
103,6160,720,3810,207113593,54375,1065,3509306,3810,55879084,14670,27,1515,3974692,3810,54887164,3810,45688448,700,-2381761,565,16679231,3810,219807314,3300,12361656,2535,5669420,45,-304061,390,10543312,3210,152619237,3200,2882997,310,195314,2670,5623188,1405,591111,345,1437476,185,516888
104,6161,15,90,3675769,41301,15,10795,90,819431,9207,22,30,41918,90,787226,90,726194,20,-137329,5,46405,90,3868635,80,170963,55,40175,5,-6656,5,188580,80,3456649,75,52227,15,6702,75,131188,25,9277,10,18490,5,3184
105,6162,875,4525,222233154,49123,1170,3426101,4525,56157140,12413,25,1695,3998637,4520,55613605,4525,46105882,930,-2742403,585,12883674,4525,233724049,3885,11349537,3075,6287398,70,-166971,550,12776192,3740,163819667,3735,3080318,295,198843,3060,5411182,1690,641775,395,1631227,180,473049
106,6163,4700,21800,947658877,43471,4955,6645603,21800,219403004,10064,23,7350,12348324,21795,215543334,21795,191781973,3095,-9082891,2065,29096436,21795,986608192,18925,38272163,14440,17233824,225,-182142,1635,39000957,18740,767696716,18195,13142737,1200,791838,16045,23181260,7685,1544601,1665,6311809,655,1804604
107,6164,2875,17280,782096417,45265,3000,4934626,17280,184577142,10683,24,4725,5617862,17275,179619532,17275,167141196,2065,-9541381,1405,21610237,17275,813390880,15325,30930308,10290,12042154,140,-499862,1235,30128031,15495,674952111,14740,10945008,1090,675988,13600,20833431,5800,1074951,930,3402524,545,1461180
108,6165,30,170,7068246,41824,30,75305,170,1570163,9291,22,45,193849,170,1522591,170,1283281,20,-39494,15,307130,170,7556951,140,482006,100,139753,5,10211,15,455156,130,4991385,145,99883,15,10411,120,174376,40,5131,15,53465,5,10263
109,6166,825,4230,206728035,48860,1130,2850419,4230,51515991,12176,25,1555,3359816,4230,50555722,4230,41680605,795,-2066211,520,9899234,4230,216108862,3660,9068869,2835,5051954,55,258735,300,8021232,3470,150119403,3565,2893254,245,152756,2995,4301506,1450,269577,195,718746,70,171001
110,6167,1765,7745,323881953,41829,950,933089,7745,72292195,9336,22,1725,1989818,7740,70816571,7740,67804441,660,-2578060,470,10043291,7740,336316476,6910,12295550,4585,4422990,35,-128475,515,11862850,6985,281481733,6405,4444812,560,365637,6250,8339425,2345,451818,750,2907666,160,443370
111,6168,2215,9715,429036581,44167,1585,3668894,9715,98612411,10152,23,2700,4462156,9710,98265155,9715,88908173,1230,-4997579,785,12974108,9715,446016156,8675,16900342,6395,9635678,60,-417590,545,13047495,8410,354464500,7755,5604567,735,512666,7560,10622995,3155,949178,925,3597046,130,319462
112,6169,3360,14875,670421155,45073,2715,4268669,14875,156312530,10509,23,4335,7080897,14870,154805462,14875,142380570,2045,-9080646,1420,21923656,14875,698086672,13455,27397571,9695,12707930,100,-1129510,900,23198971,12840,557491814,11900,8822392,1185,791845,11630,17036289,4930,910624,1150,4267882,230,586576
113,6170,370,1840,79643021,43284,265,308689,1840,18213619,9899,23,435,412770,1840,17864953,1840,16738519,205,-804531,145,1967247,1840,82172562,1660,2519134,1130,1178600,15,-61728,105,2555377,1665,69211264,1530,1091028,120,81623,1510,1879614,560,129945,160,536872,25,72855
114,6171,560,3090,159611872,51621,595,1485879,3090,40782216,13190,26,940,1554041,3090,40089833,3090,35320629,480,-1848670,345,10753690,3090,166753887,2700,7027733,1920,3265304,40,-435129,215,5296611,2635,124922638,2595,2207301,275,171876,2340,3764805,885,178934,100,340355,60,175883
115,6172,1125,5770,267501571,46353,720,647138,5770,63435285,10992,24,1320,1107846,5770,62384400,5770,60278966,685,-3833860,375,5344178,5770,277355332,5275,9782048,3420,3444774,40,-244859,320,8194660,5240,239407877,4545,3415664,445,289438,4820,7400970,1890,323144,345,1075591,115,280234
116,6173,520,2635,134629575,51093,430,571094,2635,33947833,12883,25,725,676872,2635,33238683,2635,31963780,360,-1766538,270,4572834,2635,139736810,2355,5042137,1605,1901075,20,-146854,200,5484227,2325,116228994,2160,1798071,240,161871,2105,3589188,865,152354,85,317052,65,167635
117,6174,225,875,42264012,48192,165,159975,875,10256363,11695,24,215,228594,875,10059184,875,9434474,130,-690142,105,1953634,875,44101468,775,1826929,560,613781,15,-306956,90,2089040,735,35216823,745,588500,65,45606,670,1100548,295,74603,60,203356,20,41101
118,6175,265,1050,51503700,49051,190,275305,1050,12513178,11917,24,305,246259,1050,12348279,1050,11618766,160,-1135652,95,1987206,1050,53469389,950,1926409,655,904342,10,-87877,70,1413914,920,43646027,885,707373,95,63512,830,1361289,390,68157,50,159375,15,33499
119,6176,60,330,16819306,51123,75,50894,330,4422910,13443,26,85,160363,330,4302625,330,3440827,55,-205786,45,1099960,330,17711334,275,868037,220,199827,5,-174073,25,809643,255,12027436,275,237125,30,27508,220,356001,85,17478,10,27168,5,3923
120,6207,80,300,18594600,61982,75,538876,300,5439978,18133,29,95,325569,300,5413411,300,4536475,40,17617,30,4181108,300,19354881,240,734832,200,796655,5,37888,15,569630,240,10210925,255,264969,15,10504,195,317746,85,15501,20,87100,5,7829
121,6208,955,3055,146867710,48106,790,2380878,3055,35206054,11532,24,1075,2522016,3050,35405178,3055,29482519,465,-1338904,400,7747732,3055,153476856,2610,6506911,2185,4844758,55,-589796,215,5007323,2395,108729683,2555,2034920,195,133037,2120,3082360,900,212960,220,846848,30,71733
122,6210,7125,25155,1213889915,48260,5755,18600240,25155,298979002,11886,25,8535,22075049,25145,300031495,25150,247409475,3620,-13121249,3165,67680796,25150,1278761450,21925,64088899,17940,38171380,250,-1897809,1895,53005513,19930,873683195,20445,16624866,1805,1276224,17670,29426175,7755,1645935,1890,7531946,335,923615
123,6211,25,85,4677351,53763,30,104437,85,1247622,14340,27,40,59832,85,1217050,85,1000539,20,-52872,20,402354,85,4885603,80,208252,65,146186,5,-782,10,85669,65,3212941,80,67178,5,2952,60,116053,30,6179,5,12451,5,9841
124,6213,90,335,15709968,46617,80,390782,335,3836769,11385,24,120,184076,335,3769636,335,3174787,55,-312894,45,916080,335,16743485,295,1029409,240,577953,5,-15945,20,235905,300,12520385,270,218680,25,25029,260,377298,90,24169,30,110014,5,10107
125,6214,80,230,11717086,51166,50,172188,230,2997308,13089,26,65,242592,230,3022080,230,2613274,35,-112767,35,2161840,230,12247274,200,511998,165,374685,5,-18135,10,119394,195,8108460,190,164609,15,8404,165,206539,45,4505,15,59915,0,0
126,6215,385,1560,77079809,49442,375,1048053,1560,19054256,12222,25,490,1037992,1560,18791031,1555,16335097,215,-779832,200,4267963,1560,80226252,1360,3113841,1090,1985838,45,-151346,95,1468939,1295,58920529,1300,1081847,95,68886,1165,1598418,450,86044,80,306456,25,54371
127,6218,70,285,11765786,41283,70,122271,285,2654318,9313,23,70,315260,285,2632914,285,2269062,30,-53571,25,354434,285,12327585,245,513833,200,281667,5,-95733,5,74198,230,8848963,215,160249,15,11843,210,217002,65,10557,25,120260,5,3673
128,6220,455,1975,86149542,43576,475,1055462,1975,19602673,9915,23,680,1452715,1975,19301555,1975,16088785,285,-472875,225,2436231,1975,89795505,1710,3616908,1330,2083993,45,-271770,95,2089753,1620,66418048,1650,1199018,90,61988,1445,1682439,475,81841,120,476705,25,66127
129,6221,15,80,3683391,44919,30,73096,80,760216,9271,21,25,56112,80,859484,80,591289,10,-23095,10,73680,80,3932058,65,113800,60,224606,5,39812,5,53518,65,2232171,70,48670,5,2224,50,49077,20,4530,5,15120,0,0
130,6223,30,70,3539401,49851,15,19299,70,881995,12422,25,25,12553,70,862081,70,649937,5,5891,15,185900,70,3813586,55,268395,45,55574,5,-4242,5,48672,50,2461703,60,50501,5,4566,45,56847,15,1903,5,20905,0,0
131,6224,140,510,23277773,45822,125,357151,510,5398707,10627,23,180,405733,510,5461006,510,4289584,60,129186,65,1090358,510,24509900,440,1232216,345,777566,10,-221,20,707028,420,17019607,420,320451,35,20875,385,502399,130,20912,40,129274,5,19743
132,6225,1010,3785,190445992,50316,1085,1834936,3785,47936703,12665,25,1540,1434804,3785,46843649,3785,43932739,505,-1590860,415,4401642,3785,197378801,3480,6669082,2700,3818794,95,-854810,155,2798007,3440,167381321,3150,2672652,260,182335,3210,4116234,1265,127216,325,1322351,35,108912
133,6226,35,190,9172830,48792,45,160713,190,2186829,11632,24,75,99494,190,2207333,190,1722667,30,-21720,25,500452,190,9684040,165,511211,120,332893,5,-65926,10,641375,160,6913013,165,127981,15,10770,145,154200,40,8786,5,16044,5,13460
134,6227,55,260,12074811,46442,70,126408,260,2919025,11227,24,90,264492,260,2812602,260,2352326,50,-188607,30,370124,260,12666298,225,557823,170,214374,15,-78095,15,437596,205,9158207,215,169953,20,11601,175,205053,65,9147,15,74484,5,11470
135,6228,25,105,4379108,42516,30,90740,105,879535,8539,20,40,132669,105,999345,105,601689,10,-992,10,126250,105,5098794,85,719686,75,275160,5,16086,5,110300,65,2203839,85,57382,10,4982,60,99903,15,5425,10,42949,5,4992
136,6229,15,85,4289459,49304,30,25930,85,1083225,12451,25,30,217369,85,1052450,85,704455,15,86282,10,272378,85,4535928,75,246449,60,62482,5,-1410,5,142113,60,2520424,75,61478,5,3495,60,63812,20,2458,5,20974,0,0
137,6230,3520,17280,807201524,46718,3855,8767547,17280,196014092,11345,24,5350,9239231,17270,192388766,17275,161854068,2730,-6670440,1855,28902737,17275,843321856,15310,35589398,11045,17761560,170,-1114146,1195,38815392,14830,620939063,14570,11269018,1115,716525,13245,18485926,5160,1011037,1375,5017987,335,848089
138,6232,800,3760,169352735,45017,805,902364,3760,39602114,10527,23,1140,1491163,3760,38643268,3760,36221408,465,-1328588,370,4844848,3760,175933970,3455,6534440,2410,2663246,25,-28144,205,4288002,3325,144038255,3190,2375252,250,167913,3060,4118475,1170,169523,225,835220,60,151855
139,6233,1275,6415,312369208,48694,1535,3040455,6415,76681476,11953,25,2070,3396968,6415,75353628,6415,66446206,990,-2961502,825,15716687,6415,325501137,5720,12956558,4220,6767719,70,-671200,385,9762796,5510,245097415,5475,4403938,460,302501,4985,6957865,2020,366631,350,1310523,120,343155
140,6236,200,910,43182348,47349,270,591106,910,10609103,11633,25,335,852730,910,10419728,910,8487884,150,-332371,125,2976614,910,46154114,770,2680668,625,1081110,30,-135445,75,1884093,720,31264502,760,610221,45,28664,630,797559,260,79258,35,153019,15,44771
141,6237,270,1160,55091189,47533,360,1254254,1160,13579505,11717,25,400,1391450,1160,13378802,1160,9972876,170,19745,175,3034660,1160,58295874,990,3130263,805,1927115,20,-243212,75,1892175,925,37911336,995,781858,80,55486,785,1261346,275,79584,55,226635,15,44547
142,6239,505,1750,72087175,41146,460,655504,1750,16054020,9163,22,605,1447260,1750,15939614,1750,13270111,235,-81785,245,3990236,1750,75942571,1470,3629177,1250,1661323,60,-118527,115,2353201,1405,53597781,1410,991862,105,78379,1240,1774658,430,106371,120,408185,25,56107
143,6244,230,730,28307647,38778,305,910828,730,6038030,8271,21,320,992131,730,6175191,730,3395365,115,-247085,115,2015599,730,30301182,525,1877039,590,1455466,25,-57042,50,1114175,475,15414071,575,377343,30,22016,380,700540,120,38060,40,178698,15,52083
144,6251,35,135,5826854,43811,30,88374,135,1409188,10595,24,55,108573,135,1387307,135,1123206,25,-16299,15,235047,135,6214464,100,385727,95,154951,5,29156,10,170274,105,3652185,110,81935,5,3780,85,108549,35,7896,5,20005,5,8798
145,6253,110,255,11639652,46007,60,554910,255,2807626,11097,24,90,342018,250,2868386,250,1864266,45,47540,25,466158,250,12359587,190,632773,185,792989,15,-89430,25,462930,175,6700980,200,159076,15,12916,135,169145,50,23728,20,84012,5,14847
146,6254,65,235,10197373,43393,45,24453,235,2335577,9939,23,75,169041,235,2312956,235,2197270,25,-55988,20,146210,235,10499942,190,279309,160,156055,10,-131656,10,209830,205,9029228,185,138694,20,12110,165,232141,55,7226,25,135267,5,1479
147,6255,500,1720,70366926,40887,475,859829,1720,15437569,8970,22,725,1373764,1720,15505595,1720,12627713,270,-269276,240,4325698,1720,73804077,1395,3355781,1285,1995784,50,-70999,140,2331119,1320,49533477,1395,957957,100,66015,1080,1443976,405,89972,145,643546,20,41795
148,6258,785,3050,117004561,38337,905,1265445,3050,24484067,8022,21,1210,2518445,3050,24209041,3050,19080091,420,-146563,335,4187283,3050,122765470,2550,5593823,2185,2780705,85,-705862,200,4300307,2520,85807170,2510,1613192,150,100510,2170,2805104,655,146570,210,908254,40,87188
149,6260,240,750,28260723,37581,210,329933,750,5802541,7716,21,300,862480,750,5796795,750,4294285,120,-70460,110,1460331,750,30190470,620,1671734,540,742340,20,-63435,40,708609,590,19534881,615,386974,30,19818,495,675509,145,37407,35,167173,5,7567
150,6262,105,260,9815280,37897,55,114658,260,2061808,7961,21,100,286606,260,2114551,260,1467066,20,72483,25,359213,260,10148027,195,329493,200,313614,10,105961,25,407540,185,5489279,195,131497,15,11749,150,200265,50,14642,30,127354,5,8472
151,6271,295,1085,45648564,41995,285,542606,1085,10117890,9308,22,345,728063,1085,9985050,1085,8519014,130,-305520,120,3123263,1085,48455324,945,2670270,720,1096221,30,-566085,85,1295972,890,35780732,895,627411,50,34228,770,934817,305,53636,70,253024,20,45288
152,6275,200,575,22460018,39061,155,312928,575,4682139,8143,21,215,518279,575,4838589,575,3614357,80,-76238,75,1324974,575,24182663,450,1665367,430,800023,25,235312,60,1292304,405,14517790,455,299927,35,22238,345,466469,170,21956,50,259608,10,18239
153,6280,2475,9240,380255599,41153,2565,6374132,9240,85166612,9217,22,3360,9141613,9240,84887326,9235,64550282,1360,-2448306,1315,23664998,9240,403926287,7695,23304933,6555,11784661,150,-439489,835,20696005,7120,249410266,7550,5217169,425,290220,6010,8493344,2195,649051,650,2551693,125,315438
154,6281,565,2660,123437240,46422,695,3784892,2660,29681033,11162,24,965,2863511,2660,29990300,2655,20667947,440,-1349802,455,11546516,2660,132079442,2110,8497146,1780,5961780,50,-459579,400,9025485,1855,69582418,2235,1712440,155,108663,1500,2767536,665,196080,140,535240,65,162241
155,6282,150,585,33446090,57271,195,935040,585,9312758,15947,28,225,1990836,585,9379673,585,6972903,110,-17235,105,4260870,585,35973994,450,2398004,425,1508111,15,-55770,75,1603513,395,15893936,485,467727,40,32047,315,712629,100,131452,30,133364,5,9912
156,6284,205,675,25449794,37592,155,356208,675,5305451,7837,21,215,737400,675,5341157,675,3862332,120,-230638,70,899616,675,27159943,520,1689926,470,779604,20,224609,95,1734825,515,17438461,545,346724,30,20251,405,676136,110,18404,45,134072,20,32739
157,6285,905,3615,141398420,39104,705,1442206,3615,31190249,8626,22,1085,2807978,3615,30881104,3615,25214105,575,-1651739,390,9718742,3615,149333197,2915,7849530,2480,3257947,75,-689922,525,11173153,2805,97841377,2910,1932975,185,127959,2360,3763741,905,234682,275,1040648,90,197520
158,6286,75,260,9737290,37308,80,356918,260,2125868,8145,22,95,235403,260,2103934,260,1252042,55,-61689,30,401129,260,10162770,190,410353,205,483131,15,-115151,40,629997,175,5478293,205,133532,20,11085,140,204742,60,19411,20,80756,5,14512
159,6288,80,250,9938497,39914,80,167836,250,2260789,9079,23,105,302670,250,2300440,250,1775790,35,112069,25,524800,250,10724763,185,744301,195,345410,15,-19873,20,484630,165,5260241,185,132436,5,3940,125,136533,40,10365,15,76453,5,5505
160,6290,230,700,26806901,38296,225,680365,700,5330680,7615,20,310,1247111,700,5704877,700,3744243,105,-32053,115,2705669,700,28703201,555,1829188,560,1430404,15,13443,70,1101137,440,13898634,540,347119,25,17209,365,444117,170,44951,50,200759,5,8657
161,6302,450,1340,57618608,43031,440,1123421,1340,12902540,9636,22,570,1298819,1340,13002533,1340,9568727,155,-387506,205,2762594,1340,61340452,1065,3249984,1015,2094471,35,-129198,95,2296026,1005,38222079,1105,788734,80,51815,805,1145182,355,103428,90,405535,20,52929
162,6304,260,660,28975167,44035,265,1637636,660,6833773,10386,24,280,1744370,660,6891064,655,3515879,95,-60345,120,1195889,660,30132965,470,1114910,525,2114545,20,111582,35,288343,420,14108977,525,396449,20,11976,310,355710,150,43399,50,216698,10,26860
163,6306,120,480,20334636,42541,230,1188661,480,4463119,9337,22,235,999334,480,4709027,480,2038025,85,74445,75,1040449,480,21493446,355,1140865,395,1726416,5,121492,25,275052,305,8778157,390,274459,15,13729,240,258360,85,19022,35,151451,10,20755
164,6308,180,625,26657139,42651,290,1001425,625,6004086,9607,23,325,1034794,625,6129222,625,2895349,80,119544,120,932228,625,28366084,475,1565959,510,1521265,20,272754,30,408250,420,12284154,520,365694,20,17563,335,455070,110,42233,35,195374,5,6745
165,6309,35,100,4211463,42540,35,40986,100,967732,9775,23,40,51292,100,1005579,100,700099,15,-35133,10,62154,100,4400454,75,179440,75,141218,5,2816,10,82352,65,2240066,80,58856,5,1268,55,96113,20,15859,5,17822,0,0
166,6311,50,250,9391253,37716,80,128864,250,1881055,7554,20,90,195167,250,1928773,250,1253778,35,6567,25,299094,250,9844193,195,409203,190,314920,5,-15835,25,578000,180,5782493,205,127109,10,7352,150,227218,65,10519,15,73094,5,1480
167,6312,505,2210,87968344,39841,670,1108794,2210,18843591,8534,21,825,2040954,2210,18514292,2210,14296957,355,-726606,260,2045615,2210,92100129,1880,4063819,1510,2124033,20,123560,95,2021602,1810,64999164,1885,1223779,105,63324,1580,2297970,755,158496,165,713688,60,127554
168,6313,15,70,4425745,63225,30,438785,70,1352453,19321,31,30,146176,70,1323763,70,388733,15,-55607,15,257783,70,4758167,45,329047,55,480940,5,12,5,2950,45,1588645,60,64292,5,4957,35,34283,15,26619,5,25631,0,0
169,6315,270,935,36522317,39020,385,920961,935,7900106,8440,22,405,1076813,935,7866435,935,4729282,115,83702,150,1984045,935,38672544,725,2110394,705,1418341,15,219151,60,1195633,650,19843128,765,502743,15,9944,530,838257,215,43509,70,296977,20,47606
170,6316,40,140,5614674,40686,65,84295,140,1200050,8696,21,70,148540,140,1204153,140,745454,15,17733,30,584149,140,6130710,100,516036,105,171319,5,62947,5,-55904,90,2605401,115,77910,5,1677,65,69134,30,5523,10,44345,5,2333
171,6317,465,1890,72652239,38440,565,980338,1890,15321314,8107,21,630,1291532,1890,15226799,1890,11589627,275,-355873,200,2016723,1890,76099530,1605,3410399,1315,1961639,25,70054,85,2169562,1535,52429727,1515,979557,90,58012,1330,1647302,475,104418,140,606596,40,85122
172,6318,45,200,8372852,41450,90,344412,200,1884800,9331,23,80,145240,200,1897633,200,885045,35,-28628,30,282453,200,8627568,130,254711,155,480215,5,172994,15,463555,125,3828059,160,113789,10,5890,95,123000,35,15081,20,68942,5,4251
173,6320,120,255,10327381,40820,130,351076,255,2278776,9007,22,130,564601,255,2400410,255,979499,40,-68371,40,703537,255,10926409,175,550685,205,618289,10,79874,15,306087,150,4227170,200,138464,5,3877,110,177356,45,9871,15,100700,5,2668
174,6321,95,235,8399392,35742,90,172462,235,1692735,7203,20,95,205752,235,1731456,235,1002959,30,26450,30,417578,235,8931609,175,532217,165,328890,5,-27367,10,163624,155,4794996,185,110130,10,5823,130,222830,60,9687,10,32289,5,8686
175,6322,30,95,3341106,35926,45,70481,95,690213,7422,21,40,112219,95,703597,95,366680,10,-9917,10,37698,95,3620460,65,271455,75,129204,5,2180,5,93246,60,1432303,70,44249,5,608,45,51388,20,5639,10,26619,5,4261
176,6323,150,380,13993542,36922,105,92265,380,2981486,7867,21,120,195012,380,2995342,380,2267970,50,126358,55,1434623,380,14764341,300,759980,285,302849,10,-97499,30,366144,290,9113071,270,181458,15,8448,245,277429,95,19754,45,198057,5,13050
177,6324,495,1360,50543557,37110,535,877977,1360,10359293,7606,20,550,1762949,1360,10534129,1360,7568967,195,-23827,175,2607349,1360,53496575,1095,2649508,1040,1777504,50,92989,85,1763842,1030,34288747,1075,671195,60,36596,865,1261185,370,75687,125,565225,15,24779
178,6326,90,210,8188773,38626,60,139562,210,1790249,8445,22,65,207808,210,1859352,210,1264366,25,70821,20,862450,210,8753537,145,532619,155,327811,10,56827,15,214789,135,4853814,160,107864,10,8665,110,139327,50,11875,15,40409,5,4792
179,6327,30,70,2321129,34134,15,47835,70,444727,6540,19,20,44503,70,454556,70,302453,5,3152,5,34772,70,2381493,50,60364,55,89115,10,177777,5,18341,45,1360432,55,31295,5,137,40,43620,20,979,5,15560,5,1533
180,6328,80,210,8604466,40587,80,389731,210,1921800,9065,22,80,209801,210,2009915,210,881290,20,-6187,20,139975,210,8905209,155,291898,165,601163,10,248816,15,219772,130,3608162,165,115175,5,6217,105,139500,30,14442,20,82360,5,5708
181,6330,3615,13985,557766050,39886,3795,9359967,13985,122519037,8761,22,5140,13128356,13980,121995372,13980,92834114,2140,-4164133,1765,27765640,13985,589412961,12070,31255831,9865,17097912,225,311289,1090,23190569,11110,388529571,11215,7529277,735,487480,9775,14889771,5440,1570219,1265,4876609,200,511881
182,6333,740,2035,74839006,36812,530,1312069,2035,15157502,7456,20,820,2725851,2035,15793716,2035,11356495,360,-112453,305,5689212,2035,80566117,1585,5330370,1575,3031322,70,-145713,270,4138552,1420,44857273,1565,986987,85,61223,1160,1769222,550,142547,180,737857,30,86534
183,6335,120,395,15206992,38401,140,500336,395,3176499,8021,21,165,430459,395,3253960,395,1948457,65,117002,45,392251,395,16128617,300,760756,300,797788,10,79164,10,373215,265,8747969,315,203212,10,5746,220,287541,90,32976,20,93232,5,9862
184,6336,75,155,5903618,38586,75,203632,155,1217659,7959,21,60,186452,150,1301198,155,656364,25,10411,15,97085,155,6169136,100,248419,125,370611,5,106998,10,138520,90,2531793,120,80644,5,1888,70,170099,35,3794,10,38287,5,4594
185,6337,165,345,13493729,39340,170,311236,345,2893499,8436,21,145,283153,345,2933556,345,1506410,70,-193816,40,325757,345,14652712,225,922981,270,549438,10,308158,20,483652,205,6787505,275,186306,10,7025,160,338794,55,6525,10,44238,10,20667
186,6338,115,315,11583915,37009,135,383020,315,2302976,7358,20,130,291935,315,2477116,315,976631,45,-220910,50,640698,315,12309423,210,673865,255,717374,10,247123,25,415442,180,4655058,240,153938,5,1237,140,295046,65,17955,25,103738,5,12116
187,6341,50,140,5206475,37457,65,96070,140,1013014,7288,19,55,66121,140,1089563,140,477919,15,92445,15,182045,140,5440298,85,220071,105,248726,10,77437,5,21239,85,2371543,115,70536,5,1779,65,67384,25,12989,5,18566,5,13504
188,6343,55,110,4023679,36249,55,93262,110,838481,7554,21,55,210853,110,866761,110,267595,10,13807,15,222554,110,4311302,60,238915,100,179222,5,169699,5,235078,55,1452810,85,55119,5,2109,40,70514,15,1115,5,21359,0,0
189,6346,170,410,18579060,45095,130,144293,410,4484171,10884,24,145,389560,410,4427022,410,3558664,50,-98556,35,444463,410,19651742,325,889143,365,383984,15,190038,25,738623,315,13098548,335,255386,50,33844,270,516266,85,17160,20,85700,10,34665
190,6348,85,260,14698858,56752,65,134167,260,3801763,14679,26,90,214559,260,3908811,260,3450928,50,-188656,30,290106,260,15327501,205,603518,230,470142,5,251988,25,513968,200,10843503,215,193453,40,29115,175,308334,55,13013,25,73758,5,9728
191,6350,70,215,8011154,36918,105,278240,215,1532963,7064,19,90,140860,215,1665785,215,740190,25,-49355,45,346103,215,8343466,165,313060,180,521680,5,26565,10,113975,140,3758505,175,105820,5,607,120,121052,45,7812,20,77256,5,1891
192,6352,35,90,3770127,40980,55,126311,90,858193,9328,23,45,142356,90,914514,90,309902,15,94254,20,188471,90,3906970,60,136290,75,236501,5,2755,0,0,55,1403784,70,51815,5,1854,40,39897,15,2768,5,8593,5,3002
193,6353,125,420,16828185,40067,180,358572,420,3659439,8713,22,190,686387,420,3635567,420,2054323,70,-19114,55,686033,420,17846784,295,778927,310,587020,10,-39896,25,370811,300,10116406,350,236402,15,10084,230,358940,85,19026,15,58330,10,18369
194,6355,115,310,12333437,39657,155,378900,310,2581720,8301,21,130,386822,310,2684978,310,991273,55,-61377,60,491726,310,13158080,190,711893,255,664173,10,166768,20,269575,180,4816618,250,172634,10,7271,135,182540,35,8302,10,50341,5,5367
195,6356,30,90,3790350,41652,45,148947,90,920043,10110,24,40,65318,90,893090,90,351391,15,-74512,20,182030,90,4076755,60,286410,85,177757,5,8891,5,42873,55,1688928,70,52759,5,2928,40,95148,15,2246,5,10148,0,0
196,6357,20,50,2213331,42564,35,76276,50,451370,8680,20,35,157063,50,483749,50,182830,5,17197,10,26914,50,2394638,20,36703,45,141216,5,53977,0,0,15,463513,45,30270,5,1278,10,27488,5,355,5,2870,0,0
197,6358,50,75,2306450,31168,30,88353,75,345869,4674,15,35,108783,75,453508,75,124977,15,58021,20,155760,75,2430246,50,123796,60,222630,5,74989,5,5534,50,990722,50,26117,0,0,35,36525,10,1442,5,16326,0,0
198,6359,85,245,10151410,41775,125,466471,245,2255615,9282,22,110,442404,245,2367728,245,1188646,35,72589,45,428016,245,11034539,165,536992,200,722730,10,183406,20,259910,155,4030648,185,138024,5,4145,115,166222,50,9059,5,22842,5,2690
199,6361,25,80,3520200,45131,45,134369,80,886987,11372,25,40,84459,80,884676,80,301913,20,-34080,20,316901,80,3842510,55,322290,70,182541,5,15600,5,165903,55,1101755,55,48073,5,1897,40,39061,15,4632,5,18908,5,9669
200,6363,25,50,1928411,37812,30,93140,50,397423,7793,21,25,123996,50,404732,50,164809,10,-13341,10,260070,50,2161383,35,146347,50,127445,5,62483,0,0,30,692818,40,24773,5,1108,25,27657,10,4381,5,8495,0,0
201,6365,90,305,11421576,37325,145,471526,305,2396744,7832,21,125,391260,305,2416363,305,1148707,40,-80052,55,789887,305,12068769,205,489995,250,653614,5,162287,15,181725,200,5916239,235,153610,5,2457,170,236976,45,6651,15,70571,5,15658
202,6367,75,195,7341017,37454,80,144301,195,1537717,7845,21,95,177802,195,1515152,195,1009306,45,-12691,35,266450,195,7817462,150,476445,155,229967,5,102460,10,283746,145,4596167,160,101542,5,3459,115,145837,40,5274,20,92406,5,8803
203,6369,175,365,16615877,45275,170,614471,365,3761452,10249,23,175,613016,365,3946355,365,1646279,70,-12745,65,799672,365,18693269,275,1763985,290,1037641,10,254264,20,566495,230,7189065,295,228456,5,4322,170,245103,80,27194,10,50669,5,17744
204,6370,100,245,9145884,37483,120,295318,245,1871024,7668,20,110,238332,245,1903249,245,935106,35,115969,45,470922,245,9691226,170,476556,200,462095,15,220437,15,245115,145,3875798,190,125152,5,3829,120,149120,35,9347,20,91887,5,7757
205,6372,35,90,3358587,36908,45,190987,90,591887,6504,18,35,130685,90,711674,90,166452,10,18605,15,156125,90,3669716,55,270070,75,353736,5,97019,5,21520,45,1220052,70,41079,5,1194,35,83853,15,6617,5,21456,5,2644
206,6375,165,510,21005474,41107,220,620239,510,4389294,8590,21,255,710916,510,4505566,510,2608966,90,92612,75,545049,510,22165186,360,1150219,380,1043438,5,10579,25,831611,335,10990324,440,289358,20,11190,270,408299,105,16199,30,114589,5,11953
207,6383,140,465,21702926,46473,250,1538007,465,5158496,11046,24,270,721739,465,5203253,465,1611553,75,-92969,90,560738,465,22658997,340,933103,385,1898572,5,-21860,25,299311,285,9636075,395,297880,10,9086,230,323425,90,17133,35,208096,10,16065
208,6390,110,605,30945533,51150,160,335209,605,7759898,12826,25,205,476124,605,7642715,605,6635201,105,-367592,85,1899042,605,31961197,510,986359,455,747559,20,-210515,40,438421,495,24655238,520,439718,35,20709,440,562933,170,20619,35,138870,10,26968
209,6391,120,535,22902026,42728,250,982381,535,5323939,9933,23,225,831362,535,5361291,535,2660673,90,55667,95,694620,535,24272036,385,1333045,430,1357703,15,-9222,35,418343,345,10935499,445,316781,15,8532,290,506054,105,28038,30,95997,10,24595
210,6392,65,295,14304466,48163,140,204920,295,3625166,12206,25,145,578270,295,3605528,295,1210754,65,69981,50,747055,295,15088285,205,772782,235,393137,10,57143,15,182266,175,5309916,240,195665,15,8337,135,202695,55,9032,10,48657,5,13979
211,6395,375,1210,47866173,39526,515,1854990,1210,10189600,8414,21,540,1774253,1210,10287715,1210,4797672,185,-122315,180,2153331,1210,52325703,895,4190759,910,2646614,40,50751,65,1894201,765,23457516,990,654887,40,24045,650,1103127,280,1164190,70,296572,25,70866
212,6396,35,175,7306109,41277,65,370924,175,1715485,9692,23,70,107297,175,1743715,175,1076735,30,-2670,25,135783,175,7712976,130,394598,120,502981,5,11070,15,-98984,135,4603560,135,98354,5,4218,105,146955,30,2641,5,18895,5,13853
213,6398,90,240,7671167,32232,70,131783,240,1393845,5856,18,115,359118,240,1434724,240,974676,20,-19916,25,301066,240,8159569,185,488403,190,281506,5,42262,25,306853,160,4666430,185,102314,5,2101,130,129903,65,7925,15,66138,5,5913
214,6401,735,2955,121650443,41154,770,1699328,2955,26651014,9016,22,1055,2017758,2955,26436009,2955,21479294,415,-430226,260,3058523,2955,127490028,2525,5830922,2060,3333487,35,-170734,190,4390583,2525,93649499,2440,1664214,155,100840,2130,2585357,810,137795,255,1032707,70,180369
215,6403,25,110,4694361,42676,40,121049,110,1071940,9745,23,45,98428,110,1054771,110,671035,20,150,15,93123,110,4877014,80,182653,85,177180,5,114793,5,11238,85,2922347,95,65956,5,2143,65,107351,15,4181,5,21657,0,0
216,6405,55,135,4773112,35356,65,96420,135,912126,6756,19,65,141841,135,944158,135,535852,25,-14531,25,485443,135,5093904,95,320246,110,193451,5,21327,5,82558,90,2555990,100,62020,5,1598,60,90695,25,4945,10,51332,5,1856
217,6407,115,470,18789100,40062,180,521417,470,4000174,8529,21,210,462543,470,4036578,470,2263131,65,-24493,65,685579,470,20174503,355,1393006,345,847378,5,-125955,15,175699,335,10863155,380,255293,35,24203,280,345028,125,38217,20,74229,5,11769
218,6409,85,170,6864766,40145,85,291950,170,1497715,8759,22,65,270465,170,1554137,170,761851,20,11637,30,629628,170,7421250,110,556482,135,446077,5,147650,5,71117,105,3216763,130,91380,5,4122,70,117415,35,6031,15,90834,5,4271
219,6410,150,410,15628491,38211,115,282651,410,3254366,7957,21,155,415842,410,3263518,410,2419764,45,-126020,60,622028,410,16432195,325,780977,275,515738,5,-5827,25,385961,330,10795793,335,211512,10,6672,275,333026,100,30404,30,106282,10,34264
220,6415,340,1455,61078157,42007,420,1079378,1455,13563486,9328,22,610,1106444,1455,13338129,1455,10561565,245,-60923,165,1896674,1455,64748262,1280,3420361,975,1804932,25,256626,75,1257252,1200,46019270,1230,856558,70,40864,1070,1503033,385,76378,85,399178,35,79580
221,6418,130,365,14685313,40344,175,420947,365,3182613,8743,22,190,443289,365,3237474,365,1700219,75,-176239,80,988709,365,16326591,280,1572919,300,692236,10,-62922,20,694838,250,7572421,295,202918,10,6169,195,251674,80,18531,25,109377,5,4140
222,6420,35,50,1919227,37632,25,199841,50,372771,7309,19,25,75911,50,443092,50,82310,5,27611,10,185045,50,2043387,30,124160,45,293844,5,45340,5,97214,30,688817,35,23030,5,367,20,28749,5,2101,5,12948,0,0
223,6421,30,75,2978668,40804,40,143065,75,680770,9326,23,50,172827,75,676955,75,23669,20,21693,15,436361,75,3516676,55,481198,65,181687,5,43238,5,115012,45,1061248,60,41959,0,0,35,44962,15,4208,5,13436,0,0
224,6423,20,85,3360054,39530,40,268993,85,753445,8864,22,40,99539,85,751502,85,168109,15,-177268,15,309305,85,3502367,60,135139,80,317453,5,1688,5,22403,50,1378014,65,45893,5,776,35,37213,15,1799,5,24393,5,1465
225,6425,30,70,3423593,48908,40,180280,70,737492,10536,22,45,210051,70,854454,70,144565,20,45727,10,123288,70,3535656,45,112063,65,343059,5,1396,5,57257,40,968258,60,45081,0,0,25,22013,15,5896,0,0,0,0
226,6426,115,490,24736040,50689,140,447770,490,6236945,12781,25,195,919347,485,6100319,490,4706060,85,126607,55,481801,485,25796965,415,985813,455,710892,5,-87591,25,765473,395,18753263,430,355060,50,33874,360,424012,135,20194,15,46694,5,13391
227,6429,75,340,15605252,45898,25,31467,340,3658056,10759,23,50,78373,340,3600436,340,3544473,40,-133980,10,283998,340,16096245,300,490424,320,221111,5,-5590,15,114865,315,14260840,290,220322,35,20993,280,322284,80,23134,35,164336,5,10303
228,6430,1490,10745,587898383,54709,1705,4738308,10745,153347223,14270,26,2570,3463385,10745,149224756,10745,141928650,1885,-6170951,965,13530242,10745,607680845,10020,19581773,10100,10200655,75,-834532,460,11582676,10160,535817487,9570,8423500,1335,889553,9410,13220246,3340,639161,530,2083648,370,1139819
229,6432,640,3785,191644639,50646,370,629373,3785,47274552,12493,25,730,789108,3785,46272532,3785,45469007,415,-1054821,225,2140759,3785,197894398,3565,6180511,3590,2820524,25,-383631,155,3699896,3625,182108356,3345,2743775,540,359248,3425,4737280,990,164446,270,1014036,70,206326
230,6437,65,355,22148320,62743,45,30780,355,5677495,16084,26,55,76674,350,5900920,355,5600086,110,-606075,45,701469,355,22756312,330,544790,340,617485,5,-51935,15,128337,340,21906301,330,322272,50,26681,315,346359,105,22686,5,12539,5,10195
231,6438,60,230,10913031,47864,25,140769,230,2515156,11031,23,40,49852,230,2543787,230,2171290,30,-71113,15,98566,230,11238221,210,325190,220,353588,5,39946,10,196319,205,9377461,205,157663,25,18637,195,226020,45,11922,10,56843,5,22834
232,6440,65,195,8374526,43391,15,6759,195,1615497,8370,19,30,42194,195,1775150,195,1481193,40,-234454,10,130932,195,8687526,185,313000,185,307452,5,-10536,10,201158,175,7170616,185,121552,20,12881,150,151590,40,7757,45,478133,5,24392
233,6442,145,940,55773782,59334,75,236997,940,15153863,16121,27,155,173762,940,14640802,940,14714331,135,-567562,45,488453,940,57218823,905,1431744,875,669166,10,-241319,20,507050,920,55078415,815,799643,170,126752,885,1075339,275,56663,45,132215,20,47265
234,6443,105,370,18843619,50929,55,65392,370,4665783,12610,25,85,81374,370,4572526,370,4554690,45,-99114,20,335780,370,19471005,355,627386,350,289708,5,-18057,15,167712,350,18025996,335,270080,50,39569,320,438762,120,39402,30,115722,10,19989
235,6445,40,85,3753415,43143,55,305771,85,896611,10306,24,45,133862,85,886772,85,78284,5,1729,25,235423,85,4220850,65,443034,85,349344,5,23845,5,15939,35,961717,65,51981,5,632,30,38511,15,4705,5,7299,0,0
236,6446,40,75,2712643,36169,40,155231,75,564541,7527,21,20,163082,75,562613,75,163412,5,12301,5,129809,75,2790794,45,78151,70,193423,5,101466,5,16518,35,1071475,55,36119,5,1255,30,33417,5,3619,5,10395,0,0
237,6448,50,135,4882440,35638,35,84414,135,934477,6821,19,35,116321,135,1002526,135,739339,20,-10194,20,216387,135,5251610,105,337428,130,224037,5,5559,5,133189,100,3048978,105,65361,10,5121,90,141924,25,23048,15,91875,0,0
238,6450,1645,5885,257274927,43702,1595,4186005,5885,60108468,10210,23,1930,4835044,5885,60122379,5885,46208270,910,-985395,695,25443280,5885,275615125,4930,14819746,5610,8062657,90,720965,410,8479638,4700,175081853,4880,3541364,300,202940,4190,6565446,1310,326563,440,1713842,85,195491
239,6460,95,320,13317621,41618,130,251656,320,2973141,9291,22,130,309340,320,3003864,320,1720933,30,42908,45,563710,320,13998201,225,678764,230,477675,5,31045,15,457407,225,7152038,265,186429,5,3606,170,214871,55,6480,20,106813,5,6611
240,6461,100,340,12490079,36736,170,324363,340,2542569,7478,20,135,267866,340,2636417,340,1006434,40,-101809,55,382843,340,12960564,220,470482,280,597586,5,183885,15,172088,210,5972651,265,168631,5,2840,165,175712,45,9394,10,46795,5,9856
241,6466,30,55,2362591,44577,35,129759,55,541356,10214,23,35,154610,55,550405,55,285807,5,-14077,10,174416,55,2519425,35,156834,45,171759,5,85874,0,0,30,911986,40,32947,0,0,20,23087,5,250,5,2445,5,4622
242,6468,65,165,7663403,46728,75,502968,165,1827591,11144,24,85,454907,165,1881598,165,468183,25,-821,30,840173,165,8882928,100,1146471,150,682352,5,24687,5,14318,70,2139348,140,107570,20,15483,55,51820,15,4539,5,21743,5,9530
243,6472,50,120,4655294,38474,65,118183,120,920505,7607,20,50,83940,120,969407,120,573569,25,-97792,30,662008,120,5233903,80,442460,110,237883,5,18416,5,86037,65,1687328,105,65551,5,3655,45,75587,20,3289,5,8678,5,4728
244,6475,85,200,7926927,39242,95,188155,200,1579932,7821,20,80,285398,200,1694354,200,917213,15,-2811,20,252934,200,8861495,135,917452,190,420153,10,-47713,10,68501,130,4636424,160,105823,10,5506,105,214735,30,8141,15,40635,5,3124
245,6477,40,120,5935787,49056,65,222212,120,1398685,11559,24,60,204001,120,1429415,120,573764,15,62099,20,312941,120,6440571,95,504784,110,343797,5,37626,10,194554,80,2445996,105,83589,5,2248,65,55111,25,4670,5,26214,5,6831
246,6479,145,305,12007378,39112,130,414434,305,2514983,8192,21,145,609016,305,2639013,305,1321124,65,-73781,50,809554,305,13181019,235,1151884,295,710345,5,-28287,15,308413,205,5819362,240,165989,5,2943,155,214635,70,30376,25,108246,5,3746
247,6485,75,235,10265611,43315,125,601621,235,2236254,9436,22,125,254464,235,2298020,235,980476,35,15355,40,324214,235,11093783,180,828172,190,813270,5,50980,15,440999,150,4989433,200,140810,5,1882,130,171841,60,9036,10,33240,5,11622
248,6488,40,100,3898657,39380,40,116464,100,832426,8408,21,50,86962,100,825344,100,374463,20,55687,20,193773,100,4255295,65,322922,75,165724,5,11958,5,170724,70,2045441,85,54500,5,1278,55,54887,25,2994,5,17440,5,1862
249,6490,40,75,3022308,40842,25,84700,75,674561,9116,22,35,101477,75,668465,75,343739,10,-32029,15,166979,75,3276462,60,251185,50,125696,5,-17576,5,16230,55,1862282,60,42416,5,3834,45,86387,15,3671,10,40882,5,5887
250,6501,85,340,15127784,44493,75,226812,340,3520002,10353,23,90,156855,340,3478164,340,2829109,50,-124120,40,581986,340,15950774,270,811792,225,414509,10,6885,30,725910,245,10965940,290,210193,20,14910,220,447738,80,11156,15,50101,5,10842
251,6502,155,535,21162984,39410,140,182600,535,4603570,8573,22,185,318581,535,4596152,535,3949808,70,-201923,70,858274,535,22212976,425,1025834,385,490138,20,-49621,60,870992,405,16341433,425,290060,20,15883,350,552782,130,36185,35,129194,5,7328
252,6503,260,735,32575205,44380,180,699739,735,7438485,10134,23,265,532906,735,7564100,735,5291343,125,-144283,110,2641886,735,33644792,560,1317184,505,1333650,40,-195893,60,1200537,550,20643400,625,453163,55,42947,445,563982,155,30478,40,119187,10,18850
253,6505,15,75,2794243,36766,45,82992,75,579751,7628,21,45,128283,75,578983,75,317128,15,25904,15,172231,75,2996637,45,164972,65,120813,5,51437,5,148693,35,937055,65,36244,5,584,25,44096,10,3206,5,21887,5,1515
254,6507,95,265,11252038,42142,100,281632,265,2419643,9062,22,110,379825,265,2560171,265,1347074,60,-16870,50,820546,265,12350130,205,1052201,195,580733,10,-132200,10,112454,170,6480174,215,151576,10,5828,145,216868,50,61569,15,79459,5,11253
255,6509,20,80,3448139,43102,25,72691,80,796854,9961,23,35,115398,80,777052,80,586574,10,-12242,10,168046,80,3603335,65,134440,55,103349,5,30879,5,15791,60,2324908,70,49628,5,579,50,75765,25,6047,5,7742,5,1483
256,6510,215,1000,39890016,39810,340,919227,1000,8716802,8699,22,370,1075783,1000,8585641,1000,6296779,165,-210632,105,884600,1000,42481782,845,2426785,705,1363260,20,475059,40,479085,815,29473070,825,546983,25,14715,720,1163281,255,61000,45,194468,10,19611
257,6511,65,215,8889891,41542,75,181091,215,2016883,9425,23,90,215533,215,2025254,215,1389343,45,-125595,40,916773,215,9792304,165,902414,175,326660,20,582652,20,210001,145,4783538,170,122360,10,8245,115,214132,60,5147,30,91593,5,16844
258,6512,5,50,1747944,33614,35,62415,50,329114,6329,19,25,131147,50,330487,50,138576,10,16676,10,8403,50,1863246,40,115302,45,86693,5,2837,5,11654,25,674529,40,22902,0,0,15,9713,15,2619,5,12478,5,1831
259,6513,40,115,4692832,41165,60,138489,115,1031349,9047,22,55,242727,115,1016342,115,558152,10,-22935,10,133662,115,4971459,90,276090,85,189657,5,-19843,5,117975,75,2296651,90,64831,5,1318,60,97535,25,4450,10,51664,5,10100
260,6514,80,260,12176794,46476,65,58618,260,2809764,10724,23,70,164614,260,2829757,260,2430281,55,-217505,30,289052,260,12780733,215,596082,185,268181,10,409846,25,598129,195,8800157,220,170493,20,14889,165,246945,75,9849,25,101138,5,3018
261,6515,75,215,9454083,43769,130,434215,215,2093053,9690,22,110,560598,215,2156197,215,1100647,45,-64655,55,454341,215,10972665,175,1240170,175,632546,5,16906,5,30925,135,4437027,190,132667,5,1294,125,177664,45,23833,5,35351,5,12877
262,6516,155,620,24717039,39995,165,527997,620,5321635,8611,22,220,700524,620,5310129,620,3615854,105,-137795,85,1481194,620,26792429,495,2018301,455,887052,25,547842,65,1457045,415,14824061,510,341553,30,20331,355,461832,170,21876,45,238531,5,26412
263,6517,60,260,10415672,40060,95,463337,260,2214897,8519,21,110,439939,260,2222387,260,1280396,40,-149714,35,802534,260,11774899,215,1280631,175,622696,5,-289560,10,127362,195,6862352,215,142459,10,7167,180,270733,75,141716,10,34515,5,5019
264,6518,45,160,6861025,42881,55,96716,160,1551038,9694,23,50,103518,160,1532141,160,1264470,25,-10287,15,128066,160,7382363,135,519167,105,182008,5,46207,5,78538,130,5488151,130,95486,10,5946,115,146854,45,8141,5,16599,0,0
265,6519,105,285,11964161,41980,115,299717,285,2657197,9323,22,110,332271,285,2657306,285,1777516,35,-138105,35,341513,285,13278522,235,1204534,210,480279,5,45936,10,237264,210,8141967,235,167238,10,6549,180,256155,70,12317,10,21355,5,12726
266,6521,65,140,5381465,38166,50,96359,140,1122199,7959,21,65,126056,140,1125295,140,590401,20,24758,15,358190,140,5668743,90,272597,110,182336,10,7916,15,200192,85,2862406,110,73287,10,5350,65,87545,25,3929,5,32570,5,8375
267,6522,80,260,9921233,37867,120,436688,260,2149670,8205,22,120,478611,260,2093427,260,762546,35,-72221,50,685647,260,10639761,205,718528,210,522374,5,32860,10,90836,190,5640399,205,135037,5,2634,150,192008,55,11124,15,42650,5,10566
268,6525,385,1385,63560945,45959,430,1093831,1385,15015404,10857,24,490,1449642,1385,14993531,1380,11982384,195,-73439,195,2733244,1385,67179413,1125,3528478,1010,2068666,35,397037,125,2601623,1020,42920740,1155,886281,100,85064,865,1434208,370,51021,110,468960,15,36474
269,6528,80,195,9055969,46680,75,329241,195,2185693,11266,24,70,158586,195,2254513,195,1527552,20,38616,25,131767,195,9556900,145,401671,150,527218,5,17104,5,145849,135,5147092,150,119774,15,8847,115,177377,40,8170,10,33469,5,6754
270,6530,3170,14325,629269564,43928,3400,8083946,14325,145626657,10166,23,4090,8132844,14325,144018697,14320,119686677,1750,-3074706,1590,27213795,14325,664530813,12520,34408353,10280,16137488,175,1443618,930,24585357,12110,477907267,12075,8784675,820,555363,10820,16775270,4380,853495,1380,5823163,265,690198
271,6532,300,955,40898570,42826,330,1096657,955,9226477,9661,23,335,808789,955,9259031,955,6784379,130,-132511,140,1664994,955,43470720,780,2328273,800,1758195,25,-119304,65,960456,740,28816225,785,568001,65,42705,660,1004000,245,51349,65,307947,20,48832
272,6535,290,620,24477146,39543,240,813039,620,5088183,8220,21,235,556712,620,5309867,620,3236476,75,52472,85,833321,620,25892075,485,1382600,595,1387720,15,34493,30,524387,460,15152517,500,330105,25,14855,380,598181,140,28377,60,259392,5,7090
273,6536,200,665,26576267,39844,130,218087,665,5720737,8577,22,195,507365,665,5784289,665,4303607,105,-151718,65,1390355,665,27479973,515,894555,605,678079,10,61151,85,1716550,495,17350082,545,361884,35,22346,420,484569,120,28297,65,247294,10,14240
274,6537,105,305,12581643,41251,65,87391,305,2315965,7593,18,100,159013,305,2659055,305,1984768,70,-136675,35,480527,305,13020112,270,438469,290,629274,5,52830,25,422509,255,9668276,285,178270,25,17819,220,317026,95,12638,25,136459,5,16007
275,6556,185,900,40665612,45134,200,176421,900,9512622,10558,23,260,386226,900,9391477,900,8497065,150,-414901,115,2538620,900,42234470,760,1536380,630,703799,10,-114994,95,1922910,745,31469062,765,571016,60,46434,655,1112650,295,60452,40,148589,15,37691
276,6558,105,415,19458874,46664,75,461023,415,4927661,11817,25,110,448546,415,4855931,415,3845871,60,-163656,40,1418562,415,20378236,350,890846,280,678326,5,-56640,50,1000917,360,14180509,335,272103,15,9760,295,460891,135,21701,25,94777,5,10628
277,6560,110,420,19680042,46635,50,191622,420,4867813,11535,25,90,97359,420,4798783,420,4455540,40,-153812,25,1376193,420,20283055,375,589626,260,423615,5,8736,35,709198,385,16325351,345,272254,25,17525,345,436656,130,15407,25,127189,5,9927
278,6562,125,370,15536017,42103,65,95446,370,3483407,9440,22,85,202922,370,3424918,370,2993480,35,-77445,35,805324,370,16251712,310,696542,260,276715,5,-54693,25,440178,305,12774920,300,215094,20,15152,260,405671,75,13615,20,63227,5,5016
279,6564,55,215,8623383,40485,55,72692,215,1862343,8743,22,85,208115,215,1846508,215,1548051,20,-20874,30,291703,215,9177569,180,485951,165,186814,5,-120593,15,380021,165,6675958,175,118005,10,7021,140,174682,60,53369,15,58945,5,4194
280,6566,400,1410,60419865,42851,345,705974,1410,13339145,9460,22,505,1072346,1410,13639388,1410,10996123,215,-372613,185,3200588,1410,63750481,1140,3271115,1050,1927046,30,-341695,150,3145585,1080,43809160,1160,823676,90,65553,900,1440817,340,116778,105,377654,30,71967
281,6568,55,125,4105360,32582,60,141256,125,765840,6078,19,70,125622,125,834683,125,173422,15,-45318,15,117913,125,4330412,80,225052,100,268261,5,20879,10,162226,70,2126590,90,50644,5,2001,50,129050,15,6362,5,35963,5,4382
282,6569,45,130,4933370,37374,50,100117,130,1061632,8043,22,55,153519,130,1052075,130,514764,15,-31537,15,177463,130,5210897,90,277527,100,167450,5,87199,10,302048,85,2247785,110,68667,5,4916,65,109369,15,8032,5,22169,5,3763
283,6571,15,65,2556409,40578,30,63623,65,528078,8382,21,25,82680,65,560762,65,263654,15,-45803,10,102230,65,2982462,50,398860,45,131890,0,0,5,49184,35,1143986,50,34370,5,537,35,57684,10,1316,5,7176,0,0
284,6575,25,90,3239328,36397,45,109951,90,674701,7581,21,40,56026,90,685434,90,222473,10,-10635,20,207789,90,3457464,55,218136,75,167929,5,-35561,5,65743,60,1785822,70,44446,5,587,40,60498,10,3708,0,0,5,1979
285,6603,135,615,34578326,56408,240,1127050,615,10074446,16435,29,240,583753,615,9792410,615,7031392,85,-148268,110,10133798,615,36334769,510,1591730,410,1373491,5,55821,25,1020530,465,16380949,515,496289,25,17629,420,441414,135,37034,35,112161,5,15203
286,6606,40,130,5520662,42796,70,219196,130,1261265,9777,23,55,170267,130,1236999,130,535075,20,-14675,30,1034662,130,6330537,90,642205,100,273462,0,0,5,100830,85,2345983,105,76774,5,1730,60,76194,30,11480,5,32031,5,1019
287,6608,20,60,2111989,36414,30,259652,60,401623,6925,19,25,58063,60,428659,60,54162,5,27239,10,39931,60,2265758,40,142389,50,315479,5,-32674,5,20358,35,1082005,45,28180,5,518,30,42127,10,1226,5,37432,5,2568
288,6609,95,335,13936821,41479,115,593275,335,3116910,9277,22,130,331238,335,3096668,335,1817432,35,-87061,40,726218,335,15282408,270,1342783,230,774123,5,47936,15,177044,255,8666084,265,188904,10,8528,200,247964,75,33762,15,50412,5,12226
289,6612,35,140,6180023,43830,70,203025,140,1406751,9977,23,65,346756,140,1452727,140,760144,30,109610,20,396675,140,6490862,100,298169,115,338588,5,12756,5,31911,80,2578388,115,86119,5,2896,70,120825,25,8250,5,33698,5,1929
290,6616,15,55,2143263,38273,30,97893,55,442588,7903,21,30,258510,55,441617,55,224230,5,4734,5,26954,55,2398038,40,183284,45,127330,5,91551,5,60504,35,1013976,45,30396,0,0,25,50871,15,1824,0,0,5,1987
291,6620,65,140,4582968,32503,45,94646,140,884237,6271,19,30,105777,140,871189,140,682897,15,-5632,15,144102,140,4948399,105,357651,100,148139,5,-139818,10,77749,105,3501592,105,60531,5,1745,90,141811,35,5266,15,43167,5,7103
292,6623,130,315,12459839,39305,105,310432,315,2608051,8227,21,100,267788,315,2586890,315,1884634,60,-67357,45,508790,315,13280339,260,750525,220,475084,5,-14973,20,333878,250,8738510,265,170559,10,7998,215,334757,80,9130,35,218670,5,10711
293,6630,115,260,10891091,42051,85,260596,260,2403292,9279,22,80,151871,260,2423805,260,1846438,25,-34598,45,814556,260,11427536,220,516827,245,445523,10,78269,15,95735,215,7680487,215,150740,15,9531,185,314800,75,14008,35,250917,10,23713
294,6635,20,70,2706948,38126,15,43155,70,511669,7207,19,20,62526,70,543802,70,456630,5,-48630,15,176207,70,2823608,60,116660,65,113494,5,20718,5,92138,60,1987225,60,37574,5,601,40,44703,10,2671,15,53011,5,1817
295,6638,75,210,9877083,47259,40,69357,210,2130504,10194,22,55,307793,210,2254699,210,1895231,45,-229193,20,220043,210,10251409,175,364334,195,350697,5,-7262,15,610923,185,8358265,190,139625,20,12994,155,169745,35,6750,25,149964,5,16427
296,6640,45,95,3978663,42781,15,30992,95,786633,8458,20,15,23358,95,868309,95,697464,10,-62164,5,43814,95,4104318,70,125655,90,178241,5,20061,5,9295,85,3132492,85,57260,10,7697,65,102738,20,9871,20,112516,5,8921
297,6642,155,305,13488813,43938,30,42250,305,2724177,8874,20,70,145966,305,3002970,305,2528554,30,-146080,15,394046,305,14104501,275,571851,290,538613,5,-1743,15,336166,280,11256156,275,188985,35,23662,250,377597,75,18984,65,568961,20,45822
298,6646,35,85,3521871,40481,5,12080,85,631683,7261,18,20,80081,85,726307,85,496442,5,-20604,5,66296,85,3736155,80,210085,80,162116,5,102347,5,151998,80,2867839,80,48968,5,4245,70,112648,20,6917,10,29079,5,10518
299,6701,645,2475,106253199,42913,465,724591,2475,22644927,9146,21,675,1443868,2475,23680883,2475,18758731,450,-724681,195,2788583,2475,111491382,2105,4858754,2410,3454361,60,1912174,135,2921926,2025,78476457,2140,1486261,200,136408,1815,2427792,425,96079,260,1370949,55,142448
300,6707,255,1025,45292692,44145,190,262061,1025,9334748,9098,21,350,457047,1025,10003263,1025,8313389,225,-539216,95,2413819,1025,47304611,895,2012131,975,1655204,20,416528,105,2132153,895,37311931,945,648138,80,50161,790,1148266,355,51963,80,249404,25,51329
301,6710,80,260,13040181,50348,40,54527,260,2951816,11397,23,70,135521,260,3089628,260,2786491,65,-168436,15,206139,260,13470826,235,422143,250,402438,5,-24437,15,154825,240,11566314,240,188337,25,16346,215,254512,55,8695,20,141469,5,22104
302,6713,85,755,54850964,72458,195,259090,755,16057744,21212,29,345,387855,755,15794177,755,14869336,250,-1071301,75,912608,755,56462655,715,1486271,725,944391,35,-275506,45,1011420,700,47788117,705,807879,120,95039,650,640059,275,52885,15,49146,15,74510
303,6714,960,6450,416200554,64537,1395,1816283,6450,116371558,18045,28,2110,1689582,6445,114378491,6450,111064438,1930,-9464617,610,8868105,6445,427499078,6075,11206320,6040,6906632,160,-1648105,335,9029213,6170,386548095,5870,5980474,1160,874400,5680,7394158,2270,396822,240,771015,190,554019
304,6716,55,340,26331124,77903,60,63771,340,7872148,23290,30,140,127371,340,7705929,340,7785824,135,-1035069,30,391996,340,26766222,330,435067,315,338934,10,-50653,10,93007,330,26634259,320,386174,45,33586,315,208181,140,28093,10,30249,5,9183
305,6718,135,255,11098057,43352,20,6612,255,2418697,9448,22,40,28861,255,2481131,255,2346867,40,-61241,10,85155,255,11376084,235,278027,250,257152,0,0,10,227621,250,10092701,220,154612,45,29731,215,226158,45,9117,55,328233,5,14237
306,6720,175,1000,64082240,64082,175,157214,1000,17830633,17831,28,345,376393,1000,17547418,1000,17240797,340,-1849113,110,2573214,1000,65678268,940,1578702,965,996177,20,-256935,45,863217,960,60368967,900,934698,165,115663,880,828316,335,52326,45,200598,25,68135
307,6721,290,2085,132479044,63600,515,1029187,2085,36768999,17652,28,590,721158,2085,35998996,2085,34036681,615,-2777918,225,2859779,2085,136753548,1955,4206397,1965,2567551,55,-457652,120,3865657,1970,121600481,1925,1929335,405,297090,1815,2601582,595,188843,90,475377,70,263853
308,6722,550,3710,212334682,57248,590,617663,3710,55700563,15018,26,745,619484,3705,54867079,3710,54082971,755,-3983015,255,3672353,3710,217971374,3560,5550328,3550,3538722,85,-483168,150,4545585,3595,202034861,3350,3054667,805,579844,3440,4132186,1025,189432,265,1264251,100,300503
309,6725,1035,5170,234347126,45328,780,2162997,5170,52803047,10213,23,1105,1910548,5170,54111892,5170,45063288,950,-3116603,430,10892755,5170,243859667,4585,9109002,4910,7219074,60,-293817,520,12141258,4575,186364804,4600,3321262,485,328969,4145,6299654,1200,255111,650,4792299,125,281500
310,6726,120,685,33603857,48914,120,168896,685,7954071,11578,24,210,359795,685,7911324,685,7203284,175,-669655,70,1672929,685,35145791,630,1521980,655,701641,10,-10781,75,2371489,615,28418319,630,487051,95,65766,580,1096634,160,57107,40,185260,30,69225
311,6728,345,1230,52256277,42416,170,146258,1230,10957069,8894,21,280,353389,1230,11284920,1230,10058781,215,-639160,80,1226606,1230,54560933,1090,2262410,1165,1320507,10,-65196,90,2257424,1125,44459194,1115,744813,120,84772,1000,1492586,280,81756,195,1559639,35,83972
312,6740,145,360,16817809,46716,45,47268,360,3497852,9716,21,75,136758,360,3799304,360,3388680,55,-129004,20,218876,360,17343227,300,525418,350,636648,5,-37382,15,314364,340,14639020,345,242113,60,39575,265,318496,50,11426,85,773850,20,42353
313,6743,485,2395,126606035,52819,525,1265548,2395,30072201,12546,24,655,988136,2395,31246367,2395,26011595,490,-944755,205,4061756,2395,131181125,2115,4438236,2305,4559848,25,58511,170,5773977,2190,103575430,2255,1831441,360,245538,1860,2249081,465,328557,185,1230711,95,307012
314,6751,290,1525,103639019,67960,300,386702,1525,29488969,19337,28,635,451442,1525,28931908,1525,28639372,450,-3021625,135,1654484,1525,105996368,1445,2248203,1455,1611341,35,-184059,55,776563,1495,101243633,1400,1507564,250,184674,1405,1466090,430,87011,50,248829,45,156461
315,6753,385,2375,155928637,65599,550,878600,2375,43696753,18383,28,710,715799,2375,42796469,2375,42003793,705,-4068353,230,3665776,2375,160063677,2275,4037117,2260,2591537,60,-563718,95,1847737,2320,150153503,2155,2252120,370,266877,2205,2380694,1240,145952,95,376497,95,359084
316,6754,145,770,55462851,71843,145,179445,770,16009034,20737,29,290,184864,770,15659376,770,15694840,265,-1834902,85,1529016,770,56641503,745,1171897,730,769093,15,-51440,40,595045,755,54721649,720,811752,130,94677,710,696636,290,58538,15,54045,25,100099
317,6760,15,75,3182275,42430,10,36188,75,686728,9156,22,15,17299,75,691498,75,575337,10,-21533,5,30710,75,3258003,65,75728,70,95673,5,-1875,5,24840,65,2724269,65,45017,10,7048,60,55720,10,3433,15,60810,0,0
318,6765,135,390,16994469,43464,35,30235,390,3589263,9180,21,75,109861,390,3858927,390,3452072,55,-162805,20,1577543,390,17506503,320,512033,370,572041,5,-434,15,343954,375,14029640,360,242654,40,23911,285,429326,70,17830,100,864496,30,89617
319,6770,130,375,15810513,41938,25,32253,375,3055657,8105,19,75,50305,375,3345882,375,2958935,60,-116693,15,118798,375,16336252,330,525739,360,582322,5,-771,15,572318,360,13920130,355,228172,40,24387,295,445470,80,16542,95,679338,25,63909
320,6798,155,670,37571561,55993,115,129414,670,8635065,12869,23,230,457124,670,9149553,670,8081093,190,-448314,30,248504,670,38815114,635,1226007,660,1298323,10,-73457,55,1325346,625,33673504,650,551280,135,94069,610,938132,280,55922,40,134175,5,8379
321,6799,50,180,7758385,42864,25,21420,180,1442368,7969,19,70,61610,180,1653244,180,1302030,55,-107603,10,184742,180,7899429,165,141044,175,350295,0,0,10,329990,175,6842393,165,107899,15,7065,150,85034,35,10073,10,44774,5,7836
322,WA other12,2880,12390,674129502,54414,3625,19477954,12390,184038436,14855,27,4385,11889600,12330,181638304,12390,133553236,2790,-8030422,1850,45344228,12360,716533689,9930,39817491,8565,27176131,255,-2419380,1270,37684778,9155,437924963,10145,9180003,870,603499,7615,15144801,3680,2032170,560,2292121,275,776914
323,WA Total,204170,973650,47412955632,48696,247055,761700458,973650,11921518001,12244,25,336535,727679490,972920,11768819979,973445,9807292451,149760,-554760477,113200,2351289012,973340,49775215443,839140,2319256402,671300,1331496586,12500,-105408769,74695,2088928048,817175,35784492315,816620,659769827,58430,38685415,697080,1118200815,338950,109692266,66180,261928399,27760,75931751
