,2001,2002,2003,2004,2005,2006,2007,2008,2009,2010,2011,2012,2013,2014,2015,2016,2017,2018
3000,0.0,0.0,0.0,0.0,0.0,0.0,0.0,0.0,2.0,5.0,4.0,3.0,3.0,2.0,8.0,8.0,5.0,6.0
3001,0,0.0,0.0,0.0,0.0,0.0,0.0,0.0,0.0,0.0,0.0,0.0,0.0,0.0,0.0,0.0,0.0,0.0
3002,0.0,0.0,0.0,0.0,0.0,0.0,1.0,0.0,1.0,2.0,4.0,2.0,4.0,7.0,7.0,5.0,10.0,7.0
3003,0.0,0.0,0.0,0.0,0.0,0.0,1.0,0.0,6.0,5.0,6.0,8.0,3.0,8.0,7.0,11.0,9.0,10.0
3004,0.0,0.0,0.0,0.0,0.0,0.0,0.0,0.0,1.0,1.0,0.0,2.0,1.0,0.0,2.0,2.0,2.0,2.0
3006,0.0,0.0,0.0,0.0,0.0,0.0,0.0,0.0,1.0,1.0,1.0,3.0,1.0,1.0,1.0,2.0,5.0,2.0
3008,0.0,0.0,0.0,0.0,0.0,0.0,0.0,0.0,1.0,0.0,1.0,64.0,3.0,5.0,4.0,3.0,2.0,2.0
3011,0.0,0.0,0.0,0.0,0.0,0.0,1.0,6.0,61.0,103.0,91.0,67.0,47.0,75.0,36.0,36.0,42.0,83.0
3012,0.0,0.0,0.0,0.0,0.0,0.0,2.0,8.0,90.0,154.0,163.0,79.0,95.0,88.0,62.0,56.0,51.0,156.0
3013,0.0,0.0,0.0,0.0,0.0,3.0,6.0,8.0,53.0,105.0,93.0,86.0,54.0,83.0,40.0,34.0,61.0,101.0
3015,0.0,0.0,1.0,0.0,0.0,0.0,2.0,9.0,56.0,92.0,94.0,79.0,67.0,96.0,87.0,52.0,90.0,104.0
3016,0.0,0.0,0.0,1.0,0.0,1.0,6.0,17.0,41.0,78.0,93.0,61.0,60.0,86.0,66.0,63.0,81.0,111.0
3018,0.0,0.0,1.0,0.0,0.0,1.0,4.0,10.0,149.0,196.0,125.0,86.0,56.0,61.0,76.0,41.0,59.0,87.0
3019,0.0,0.0,0.0,0.0,0.0,0.0,0.0,0.0,27.0,71.0,55.0,57.0,24.0,28.0,16.0,26.0,14.0,64.0
3020,0.0,0.0,2.0,1.0,0.0,94.0,144.0,64.0,144.0,367.0,389.0,286.0,165.0,163.0,107.0,108.0,110.0,300.0
3021,0.0,0.0,0.0,1.0,0.0,0.0,1.0,17.0,163.0,435.0,485.0,401.0,241.0,225.0,172.0,166.0,141.0,361.0
3022,0.0,0.0,0.0,0.0,0.0,0.0,0.0,4.0,17.0,38.0,31.0,26.0,15.0,3.0,8.0,3.0,5.0,20.0
3023,0.0,0.0,0.0,0.0,0.0,2.0,2.0,16.0,401.0,789.0,784.0,635.0,380.0,373.0,258.0,228.0,227.0,497.0
3024,0.0,0.0,0.0,0.0,1.0,0.0,2.0,6.0,92.0,263.0,408.0,193.0,177.0,187.0,172.0,116.0,145.0,401.0
3025,0.0,0.0,0.0,0.0,0.0,0.0,0.0,6.0,30.0,69.0,77.0,68.0,40.0,35.0,39.0,33.0,33.0,64.0
3026,0.0,0.0,0.0,0.0,0.0,0.0,0.0,0.0,0.0,2.0,2.0,2.0,10.0,8.0,3.0,5.0,20.0,102.0
3027,0.0,0.0,0.0,0.0,0.0,0.0,0.0,1.0,13.0,69.0,95.0,62.0,54.0,51.0,43.0,41.0,37.0,125.0
3028,0.0,0.0,1.0,0.0,7.0,0.0,3.0,29.0,145.0,302.0,363.0,229.0,132.0,149.0,114.0,94.0,114.0,188.0
3029,0.0,0.0,0.0,1.0,0.0,1.0,12.0,34.0,367.0,1113.0,1444.0,975.0,639.0,736.0,650.0,547.0,700.0,1913.0
3030,0.0,0.0,0.0,0.0,1.0,1.0,12.0,39.0,425.0,1018.0,1166.0,805.0,632.0,665.0,605.0,440.0,567.0,1176.0
3031,0.0,0.0,1.0,0.0,0.0,0.0,7.0,13.0,52.0,52.0,59.0,55.0,44.0,80.0,39.0,29.0,32.0,62.0
3032,0.0,0.0,0.0,0.0,1.0,1.0,7.0,10.0,71.0,186.0,134.0,118.0,70.0,95.0,67.0,87.0,74.0,144.0
3033,0.0,0.0,0.0,0.0,0.0,0.0,3.0,8.0,61.0,99.0,95.0,88.0,88.0,79.0,56.0,60.0,35.0,71.0
3034,0.0,0.0,0.0,0.0,0.0,0.0,1.0,2.0,46.0,80.0,79.0,71.0,60.0,49.0,43.0,35.0,17.0,49.0
3036,0.0,0.0,0.0,0.0,0.0,0.0,2.0,5.0,48.0,32.0,50.0,46.0,28.0,33.0,23.0,27.0,27.0,51.0
3037,0.0,0.0,0.0,0.0,0.0,0.0,1.0,16.0,174.0,509.0,636.0,403.0,340.0,304.0,237.0,196.0,163.0,360.0
3038,0.0,0.0,0.0,0.0,0.0,0.0,1.0,6.0,137.0,288.0,336.0,218.0,178.0,149.0,82.0,90.0,86.0,232.0
3039,0.0,0.0,0.0,1.0,2.0,1.0,2.0,7.0,40.0,88.0,60.0,50.0,38.0,45.0,45.0,45.0,48.0,47.0
3040,0.0,0.0,0.0,0.0,1.0,0.0,7.0,11.0,83.0,130.0,107.0,113.0,73.0,96.0,86.0,84.0,67.0,114.0
3041,0.0,0.0,0.0,0.0,0.0,1.0,2.0,7.0,38.0,79.0,58.0,61.0,46.0,51.0,47.0,37.0,39.0,59.0
3042,0.0,0.0,0.0,0.0,0.0,0.0,2.0,1.0,43.0,112.0,115.0,97.0,75.0,74.0,41.0,50.0,65.0,79.0
3043,0.0,0.0,1.0,0.0,0.0,0.0,2.0,4.0,77.0,140.0,182.0,120.0,125.0,117.0,70.0,71.0,72.0,102.0
3044,0.0,0.0,0.0,0.0,0.0,0.0,2.0,3.0,155.0,119.0,151.0,96.0,94.0,78.0,81.0,60.0,93.0,107.0
3046,0.0,0.0,1.0,0.0,0.0,1.0,4.0,8.0,78.0,188.0,192.0,134.0,117.0,128.0,124.0,69.0,90.0,172.0
3047,0.0,0.0,0.0,0.0,1.0,0.0,0.0,5.0,55.0,107.0,123.0,92.0,90.0,90.0,53.0,49.0,45.0,130.0
3048,0.0,0.0,0.0,0.0,0.0,0.0,2.0,11.0,38.0,138.0,176.0,109.0,89.0,86.0,68.0,38.0,54.0,103.0
3049,0.0,0.0,0.0,0.0,0.0,0.0,0.0,2.0,18.0,66.0,105.0,74.0,39.0,67.0,22.0,25.0,37.0,77.0
3051,0.0,0.0,1.0,1.0,0.0,2.0,1.0,3.0,4.0,15.0,11.0,22.0,12.0,22.0,13.0,13.0,16.0,23.0
3052,0.0,0.0,0.0,0.0,0.0,1.0,2.0,3.0,5.0,10.0,6.0,7.0,5.0,11.0,5.0,3.0,9.0,11.0
3053,0.0,0.0,0.0,0.0,0.0,0.0,2.0,4.0,5.0,12.0,9.0,2.0,9.0,10.0,10.0,5.0,10.0,19.0
3054,0.0,0.0,0.0,0.0,2.0,0.0,9.0,7.0,16.0,27.0,17.0,16.0,19.0,34.0,12.0,16.0,26.0,33.0
3055,0.0,0.0,1.0,0.0,0.0,0.0,6.0,7.0,43.0,70.0,64.0,52.0,27.0,52.0,61.0,36.0,50.0,53.0
3056,0.0,0.0,1.0,1.0,1.0,2.0,8.0,13.0,75.0,113.0,99.0,64.0,57.0,99.0,65.0,58.0,62.0,121.0
3057,0.0,0.0,0.0,0.0,0.0,0.0,0.0,12.0,20.0,36.0,33.0,35.0,30.0,43.0,31.0,26.0,32.0,51.0
3058,0.0,0.0,1.0,0.0,0.0,0.0,9.0,23.0,124.0,235.0,228.0,185.0,135.0,221.0,153.0,107.0,178.0,228.0
3059,0.0,0.0,0.0,0.0,0.0,0.0,0.0,2.0,61.0,124.0,153.0,124.0,131.0,139.0,102.0,89.0,114.0,171.0
3060,0.0,0.0,0.0,0.0,0.0,0.0,1.0,3.0,37.0,63.0,77.0,54.0,56.0,48.0,51.0,26.0,24.0,80.0
3061,0.0,0.0,0.0,0.0,0.0,0.0,0.0,1.0,9.0,19.0,43.0,32.0,41.0,47.0,53.0,55.0,58.0,69.0
3062,0.0,0.0,0.0,0.0,0.0,0.0,0.0,0.0,1.0,1.0,0.0,0.0,0.0,2.0,3.0,2.0,8.0,10.0
3063,0.0,0.0,0.0,0.0,0.0,0.0,0.0,0.0,2.0,8.0,4.0,6.0,4.0,8.0,5.0,6.0,5.0,4.0
3064,0.0,0.0,0.0,0.0,0.0,0.0,2.0,16.0,198.0,545.0,852.0,561.0,551.0,537.0,457.0,335.0,499.0,1214.0
3065,0.0,0.0,1.0,0.0,0.0,1.0,4.0,7.0,19.0,25.0,17.0,8.0,9.0,24.0,17.0,15.0,16.0,38.0
3066,0.0,0.0,0.0,0.0,0.0,0.0,1.0,0.0,8.0,19.0,7.0,10.0,13.0,12.0,33.0,9.0,11.0,27.0
3067,0.0,0.0,0.0,0.0,0.0,1.0,2.0,4.0,10.0,12.0,17.0,12.0,10.0,25.0,6.0,14.0,13.0,19.0
3068,0.0,1.0,0.0,0.0,2.0,1.0,9.0,10.0,64.0,79.0,66.0,79.0,39.0,74.0,79.0,39.0,64.0,91.0
3070,0.0,0.0,1.0,1.0,0.0,3.0,28.0,29.0,81.0,204.0,137.0,107.0,109.0,161.0,87.0,96.0,73.0,211.0
3071,0.0,0.0,0.0,1.0,0.0,0.0,6.0,6.0,56.0,110.0,84.0,74.0,67.0,106.0,36.0,65.0,37.0,161.0
3072,0.0,0.0,0.0,0.0,2.0,1.0,7.0,18.0,73.0,213.0,183.0,158.0,105.0,196.0,76.0,102.0,80.0,302.0
3073,0.0,0.0,0.0,1.0,0.0,0.0,3.0,9.0,306.0,280.0,274.0,217.0,171.0,294.0,94.0,129.0,103.0,423.0
3074,0.0,0.0,0.0,0.0,0.0,0.0,1.0,4.0,53.0,115.0,196.0,143.0,106.0,118.0,85.0,81.0,82.0,142.0
3075,0.0,1.0,0.0,1.0,0.0,0.0,1.0,2.0,40.0,107.0,180.0,162.0,124.0,123.0,77.0,59.0,79.0,154.0
3076,0.0,0.0,0.0,0.0,0.0,1.0,0.0,9.0,320.0,230.0,306.0,227.0,189.0,223.0,143.0,110.0,140.0,238.0
3078,0.0,1.0,0.0,0.0,1.0,3.0,4.0,10.0,45.0,84.0,61.0,50.0,44.0,91.0,50.0,49.0,49.0,135.0
3079,0.0,0.0,0.0,0.0,0.0,1.0,11.0,9.0,54.0,106.0,80.0,70.0,55.0,66.0,42.0,47.0,49.0,82.0
3081,0.0,0.0,1.0,0.0,1.0,0.0,2.0,5.0,30.0,85.0,66.0,41.0,28.0,40.0,38.0,45.0,50.0,76.0
3082,0.0,0.0,0.0,0.0,0.0,0.0,1.0,12.0,77.0,219.0,259.0,255.0,146.0,163.0,124.0,102.0,82.0,228.0
3083,0.0,0.0,0.0,0.0,0.0,0.0,5.0,8.0,268.0,263.0,268.0,180.0,129.0,154.0,90.0,92.0,105.0,226.0
3084,0.0,0.0,0.0,0.0,0.0,1.0,8.0,9.0,109.0,195.0,164.0,98.0,98.0,137.0,110.0,64.0,101.0,165.0
3085,0.0,0.0,0.0,0.0,0.0,0.0,2.0,8.0,40.0,115.0,85.0,55.0,62.0,82.0,46.0,51.0,49.0,88.0
3086,0,0.0,0.0,0.0,0.0,0.0,0.0,0.0,0.0,0.0,0.0,0.0,0.0,0.0,0.0,0.0,0.0,0.0
3087,0.0,0.0,0.0,0.0,0.0,0.0,1.0,2.0,32.0,63.0,68.0,44.0,36.0,47.0,36.0,30.0,31.0,47.0
3088,0.0,0.0,0.0,0.0,0.0,0.0,4.0,22.0,97.0,196.0,187.0,139.0,134.0,147.0,83.0,91.0,111.0,197.0
3089,0.0,0.0,0.0,0.0,0.0,0.0,1.0,7.0,36.0,124.0,107.0,71.0,54.0,72.0,52.0,69.0,59.0,112.0
3090,0.0,0.0,0.0,0.0,0.0,0.0,0.0,1.0,5.0,18.0,16.0,16.0,16.0,12.0,9.0,14.0,23.0,30.0
3091,0.0,0.0,0.0,0.0,0.0,0.0,0.0,1.0,8.0,13.0,24.0,10.0,15.0,13.0,18.0,16.0,22.0,24.0
3093,0.0,0.0,0.0,0.0,0.0,0.0,1.0,2.0,13.0,25.0,26.0,22.0,16.0,22.0,22.0,10.0,20.0,30.0
3094,0.0,0.0,0.0,0.0,1.0,0.0,3.0,7.0,30.0,43.0,55.0,43.0,39.0,51.0,35.0,37.0,39.0,42.0
3095,0.0,1.0,1.0,2.0,2.0,0.0,6.0,26.0,110.0,193.0,198.0,141.0,111.0,143.0,101.0,133.0,161.0,216.0
3096,0.0,0.0,0.0,0.0,0.0,0.0,0.0,3.0,9.0,20.0,22.0,8.0,17.0,13.0,15.0,6.0,9.0,17.0
3097,0.0,0.0,0.0,0.0,0.0,0.0,3.0,4.0,9.0,21.0,18.0,10.0,20.0,14.0,6.0,6.0,11.0,20.0
3099,0.0,0.0,0.0,0.0,1.0,1.0,3.0,13.0,37.0,59.0,50.0,36.0,32.0,41.0,24.0,39.0,24.0,46.0
3101,0.0,0.0,1.0,0.0,1.0,1.0,18.0,21.0,58.0,136.0,84.0,62.0,51.0,86.0,45.0,48.0,69.0,134.0
3102,0.0,0.0,0.0,1.0,0.0,0.0,1.0,6.0,25.0,55.0,38.0,23.0,14.0,18.0,18.0,15.0,20.0,27.0
3103,0.0,0.0,0.0,3.0,2.0,0.0,6.0,10.0,49.0,98.0,55.0,49.0,49.0,44.0,33.0,35.0,59.0,66.0
3104,0.0,0.0,0.0,0.0,1.0,0.0,4.0,15.0,58.0,126.0,82.0,66.0,59.0,63.0,59.0,55.0,70.0,113.0
3105,0.0,0.0,0.0,0.0,0.0,0.0,1.0,3.0,39.0,100.0,51.0,50.0,33.0,61.0,23.0,26.0,41.0,63.0
3106,0.0,0.0,0.0,0.0,0.0,0.0,2.0,11.0,174.0,139.0,76.0,90.0,67.0,74.0,57.0,70.0,85.0,109.0
3107,0.0,0.0,0.0,0.0,0.0,1.0,8.0,7.0,37.0,89.0,73.0,56.0,46.0,71.0,41.0,51.0,45.0,83.0
3108,0.0,0.0,1.0,1.0,0.0,0.0,1.0,8.0,61.0,150.0,106.0,95.0,55.0,60.0,36.0,40.0,61.0,154.0
3109,0.0,0.0,0.0,0.0,0.0,0.0,1.0,12.0,73.0,215.0,139.0,114.0,84.0,108.0,66.0,61.0,83.0,202.0
3111,0.0,0.0,0.0,0.0,1.0,0.0,1.0,4.0,157.0,96.0,81.0,58.0,49.0,51.0,43.0,43.0,76.0,89.0
3113,0.0,0.0,1.0,1.0,1.0,1.0,11.0,24.0,56.0,69.0,95.0,59.0,58.0,52.0,47.0,44.0,51.0,53.0
3114,0.0,1.0,0.0,0.0,0.0,0.0,0.0,1.0,21.0,36.0,23.0,22.0,17.0,25.0,28.0,30.0,22.0,28.0
3115,0.0,0.0,0.0,0.0,0.0,0.0,1.0,2.0,21.0,31.0,33.0,30.0,26.0,24.0,27.0,28.0,28.0,46.0
3116,0.0,0.0,0.0,0.0,1.0,1.0,3.0,7.0,44.0,95.0,100.0,62.0,69.0,66.0,39.0,62.0,73.0,136.0
3121,0.0,0.0,0.0,0.0,0.0,2.0,3.0,14.0,45.0,70.0,64.0,60.0,58.0,62.0,77.0,76.0,39.0,69.0
3122,0.0,0.0,0.0,2.0,1.0,1.0,8.0,9.0,36.0,54.0,38.0,40.0,29.0,38.0,33.0,35.0,59.0,67.0
3123,0.0,0.0,0.0,1.0,0.0,1.0,4.0,4.0,20.0,58.0,23.0,30.0,31.0,27.0,27.0,22.0,29.0,63.0
3124,1.0,0.0,0.0,2.0,2.0,1.0,14.0,26.0,67.0,109.0,82.0,70.0,41.0,74.0,54.0,51.0,75.0,91.0
3125,0.0,0.0,0.0,0.0,0.0,1.0,5.0,9.0,54.0,157.0,72.0,54.0,46.0,54.0,37.0,31.0,27.0,85.0
3126,0.0,0.0,0.0,0.0,1.0,0.0,4.0,9.0,12.0,48.0,29.0,16.0,13.0,23.0,21.0,23.0,26.0,26.0
3127,0.0,0.0,0.0,1.0,0.0,0.0,3.0,21.0,59.0,122.0,74.0,64.0,54.0,78.0,39.0,51.0,78.0,113.0
3128,1.0,0.0,0.0,0.0,1.0,0.0,1.0,12.0,68.0,140.0,68.0,62.0,40.0,55.0,42.0,41.0,43.0,89.0
3129,0.0,0.0,0.0,0.0,0.0,2.0,8.0,12.0,85.0,107.0,80.0,83.0,45.0,53.0,32.0,32.0,52.0,112.0
3130,0.0,0.0,0.0,0.0,1.0,2.0,13.0,25.0,160.0,265.0,176.0,138.0,135.0,161.0,86.0,98.0,110.0,205.0
3131,0.0,0.0,0.0,1.0,0.0,1.0,4.0,11.0,170.0,208.0,124.0,94.0,65.0,117.0,48.0,67.0,79.0,178.0
3132,0.0,0.0,1.0,0.0,0.0,0.0,4.0,14.0,70.0,128.0,90.0,55.0,52.0,71.0,37.0,48.0,45.0,105.0
3133,1.0,0.0,0.0,0.0,0.0,0.0,8.0,20.0,231.0,223.0,162.0,138.0,105.0,109.0,72.0,78.0,98.0,196.0
3134,0.0,0.0,1.0,0.0,2.0,2.0,9.0,26.0,135.0,274.0,220.0,149.0,130.0,151.0,116.0,115.0,153.0,226.0
3135,0.0,0.0,1.0,0.0,0.0,0.0,6.0,15.0,89.0,182.0,129.0,105.0,86.0,81.0,59.0,50.0,91.0,175.0
3136,0.0,0.0,0.0,0.0,1.0,1.0,6.0,26.0,143.0,392.0,325.0,234.0,233.0,204.0,183.0,167.0,203.0,379.0
3137,0.0,1.0,0.0,0.0,0.0,0.0,3.0,7.0,59.0,141.0,147.0,135.0,86.0,86.0,83.0,67.0,79.0,116.0
3138,0.0,0.0,0.0,0.0,1.0,1.0,3.0,9.0,69.0,239.0,261.0,155.0,108.0,130.0,119.0,80.0,109.0,205.0
3139,0.0,0.0,0.0,0.0,0.0,1.0,3.0,13.0,72.0,127.0,175.0,155.0,147.0,106.0,105.0,104.0,118.0,158.0
3140,0.0,0.0,0.0,0.0,0.0,0.0,1.0,19.0,68.0,160.0,193.0,137.0,104.0,96.0,90.0,76.0,103.0,135.0
3141,0.0,0.0,1.0,0.0,0.0,0.0,6.0,8.0,14.0,24.0,14.0,14.0,15.0,23.0,11.0,24.0,42.0,25.0
3142,0.0,0.0,0.0,0.0,0.0,0.0,2.0,7.0,7.0,17.0,12.0,14.0,14.0,20.0,15.0,15.0,35.0,40.0
3143,0.0,0.0,0.0,0.0,2.0,0.0,4.0,5.0,17.0,26.0,12.0,14.0,15.0,11.0,12.0,15.0,27.0,32.0
3144,0.0,0.0,0.0,0.0,0.0,0.0,4.0,7.0,13.0,46.0,25.0,29.0,19.0,23.0,19.0,28.0,53.0,41.0
3145,0.0,0.0,1.0,1.0,2.0,1.0,5.0,11.0,55.0,104.0,85.0,69.0,62.0,77.0,47.0,41.0,114.0,107.0
3146,0.0,0.0,0.0,0.0,1.0,5.0,3.0,12.0,66.0,135.0,99.0,70.0,64.0,86.0,45.0,67.0,96.0,127.0
3147,0.0,0.0,0.0,0.0,0.0,2.0,3.0,13.0,55.0,113.0,76.0,69.0,39.0,73.0,54.0,59.0,60.0,118.0
3148,0.0,0.0,0.0,0.0,0.0,0.0,4.0,7.0,27.0,70.0,53.0,42.0,27.0,30.0,27.0,9.0,14.0,55.0
3149,0.0,0.0,1.0,2.0,1.0,2.0,5.0,26.0,140.0,295.0,213.0,180.0,136.0,187.0,117.0,113.0,128.0,291.0
3150,0.0,0.0,0.0,0.0,0.0,4.0,11.0,29.0,364.0,679.0,515.0,354.0,229.0,290.0,178.0,161.0,230.0,577.0
3151,0.0,0.0,0.0,0.0,0.0,0.0,2.0,9.0,77.0,107.0,67.0,59.0,34.0,48.0,14.0,15.0,27.0,71.0
3152,0.0,0.0,0.0,1.0,0.0,1.0,3.0,11.0,129.0,342.0,298.0,192.0,166.0,209.0,154.0,112.0,146.0,337.0
3153,0.0,0.0,0.0,0.0,0.0,0.0,1.0,7.0,67.0,211.0,202.0,161.0,131.0,131.0,105.0,89.0,137.0,188.0
3154,0.0,0.0,0.0,0.0,0.0,1.0,1.0,3.0,14.0,38.0,48.0,34.0,21.0,25.0,25.0,18.0,24.0,31.0
3155,0.0,0.0,0.0,0.0,1.0,0.0,2.0,13.0,90.0,243.0,220.0,134.0,85.0,128.0,105.0,74.0,107.0,166.0
3156,0.0,0.0,0.0,1.0,0.0,0.0,9.0,17.0,160.0,438.0,457.0,301.0,233.0,225.0,189.0,127.0,237.0,366.0
3158,0.0,0.0,0.0,0.0,0.0,0.0,4.0,9.0,27.0,38.0,50.0,42.0,24.0,37.0,26.0,24.0,25.0,52.0
3159,0.0,0.0,0.0,0.0,1.0,1.0,0.0,2.0,15.0,28.0,21.0,10.0,10.0,11.0,13.0,13.0,14.0,18.0
3160,0.0,0.0,0.0,1.0,0.0,2.0,3.0,8.0,61.0,62.0,46.0,42.0,37.0,57.0,41.0,26.0,46.0,80.0
3161,0.0,0.0,0.0,0.0,0.0,0.0,4.0,7.0,19.0,36.0,24.0,26.0,16.0,36.0,17.0,31.0,35.0,53.0
3162,0.0,1.0,0.0,0.0,0.0,0.0,4.0,6.0,37.0,73.0,70.0,49.0,40.0,60.0,44.0,30.0,45.0,89.0
3163,0.0,0.0,1.0,1.0,0.0,1.0,7.0,23.0,71.0,138.0,137.0,97.0,76.0,75.0,64.0,57.0,86.0,135.0
3164,0.0,0.0,0.0,0.0,0.0,0.0,0.0,0.0,1.0,1.0,0.0,2.0,3.0,6.0,1.0,2.0,1.0,2.0
3165,0.0,0.0,0.0,0.0,0.0,2.0,3.0,17.0,73.0,165.0,170.0,96.0,109.0,119.0,63.0,54.0,82.0,169.0
3166,0.0,0.0,0.0,0.0,0.0,1.0,2.0,12.0,58.0,152.0,113.0,119.0,77.0,99.0,78.0,53.0,50.0,128.0
3167,0.0,0.0,0.0,1.0,0.0,1.0,1.0,3.0,23.0,67.0,68.0,67.0,48.0,45.0,39.0,15.0,29.0,84.0
3168,0.0,0.0,0.0,0.0,0.0,0.0,0.0,2.0,38.0,82.0,71.0,58.0,42.0,51.0,33.0,19.0,30.0,83.0
3169,0.0,0.0,0.0,0.0,0.0,1.0,0.0,2.0,39.0,132.0,149.0,109.0,79.0,83.0,47.0,40.0,72.0,191.0
3170,0.0,0.0,0.0,0.0,1.0,1.0,1.0,8.0,70.0,192.0,164.0,109.0,86.0,101.0,69.0,68.0,75.0,193.0
3171,0.0,0.0,0.0,0.0,0.0,2.0,1.0,7.0,107.0,159.0,197.0,187.0,100.0,84.0,48.0,38.0,58.0,170.0
3172,0.0,0.0,1.0,0.0,0.0,1.0,3.0,9.0,57.0,171.0,213.0,187.0,127.0,127.0,73.0,60.0,82.0,217.0
3173,0.0,0.0,0.0,0.0,0.0,0.0,2.0,7.0,156.0,298.0,305.0,253.0,166.0,217.0,152.0,109.0,178.0,425.0
3174,0.0,0.0,1.0,0.0,0.0,1.0,1.0,9.0,78.0,220.0,289.0,227.0,167.0,167.0,105.0,71.0,108.0,270.0
3175,0.0,0.0,0.0,2.0,0.0,1.0,2.0,12.0,147.0,315.0,397.0,251.0,223.0,251.0,159.0,156.0,232.0,470.0
3176,0.0,0.0,0.0,0.0,0.0,0.0,0.0,0.0,0.0,0.0,0.0,0.0,0.0,0.0,1.0,0.0,0.0,0.0
3177,0.0,0.0,0.0,0.0,0.0,0.0,2.0,6.0,32.0,76.0,96.0,70.0,46.0,46.0,32.0,27.0,37.0,63.0
3178,0.0,0.0,0.0,0.0,0.0,1.0,4.0,10.0,391.0,408.0,408.0,284.0,210.0,212.0,166.0,131.0,176.0,347.0
3179,0.0,0.0,0.0,0.0,0.0,0.0,0.0,3.0,21.0,62.0,74.0,49.0,44.0,45.0,20.0,27.0,30.0,61.0
3180,0.0,0.0,0.0,1.0,6.0,0.0,0.0,6.0,68.0,124.0,78.0,50.0,36.0,45.0,36.0,29.0,41.0,72.0
3181,0.0,0.0,0.0,0.0,0.0,3.0,4.0,4.0,20.0,29.0,21.0,15.0,16.0,19.0,25.0,26.0,49.0,43.0
3182,0.0,0.0,0.0,2.0,2.0,1.0,2.0,8.0,12.0,20.0,17.0,21.0,20.0,28.0,44.0,18.0,56.0,29.0
3183,0.0,1.0,0.0,0.0,0.0,0.0,2.0,3.0,23.0,32.0,26.0,32.0,17.0,39.0,17.0,31.0,44.0,50.0
3184,0.0,0.0,0.0,1.0,1.0,2.0,3.0,1.0,24.0,36.0,38.0,12.0,15.0,35.0,36.0,32.0,55.0,36.0
3185,0.0,0.0,1.0,1.0,0.0,1.0,7.0,8.0,15.0,44.0,40.0,35.0,23.0,47.0,21.0,28.0,35.0,41.0
3186,0.0,0.0,2.0,0.0,1.0,6.0,8.0,9.0,45.0,114.0,67.0,74.0,58.0,80.0,61.0,70.0,73.0,123.0
3187,0.0,0.0,0.0,0.0,2.0,2.0,4.0,7.0,70.0,223.0,62.0,37.0,48.0,67.0,51.0,51.0,48.0,81.0
3188,0.0,0.0,0.0,0.0,1.0,5.0,5.0,7.0,41.0,110.0,75.0,73.0,56.0,72.0,50.0,45.0,84.0,95.0
3189,0.0,0.0,0.0,0.0,0.0,1.0,0.0,1.0,25.0,36.0,25.0,31.0,14.0,46.0,40.0,86.0,50.0,45.0
3190,0.0,0.0,0.0,0.0,0.0,0.0,2.0,5.0,21.0,50.0,46.0,37.0,30.0,37.0,31.0,25.0,33.0,54.0
3191,0.0,0.0,0.0,1.0,3.0,4.0,8.0,6.0,32.0,48.0,34.0,34.0,40.0,51.0,22.0,28.0,36.0,64.0
3192,0.0,0.0,0.0,0.0,0.0,3.0,4.0,5.0,54.0,123.0,138.0,96.0,80.0,79.0,71.0,52.0,129.0,174.0
3193,0.0,0.0,0.0,1.0,1.0,5.0,6.0,13.0,57.0,102.0,71.0,80.0,72.0,98.0,70.0,71.0,108.0,137.0
3194,0.0,0.0,0.0,0.0,0.0,0.0,3.0,5.0,34.0,60.0,46.0,43.0,30.0,56.0,32.0,32.0,45.0,98.0
3195,0.0,0.0,0.0,0.0,0.0,0.0,10.0,18.0,110.0,300.0,275.0,192.0,201.0,221.0,163.0,106.0,208.0,316.0
3196,0.0,0.0,0.0,0.0,0.0,1.0,3.0,11.0,153.0,194.0,200.0,129.0,111.0,146.0,94.0,70.0,90.0,218.0
3197,0.0,0.0,0.0,0.0,0.0,0.0,2.0,9.0,199.0,95.0,119.0,72.0,57.0,76.0,49.0,46.0,71.0,70.0
3198,0.0,0.0,0.0,0.0,0.0,2.0,1.0,7.0,197.0,145.0,164.0,116.0,110.0,107.0,83.0,55.0,92.0,145.0
3199,0.0,0.0,0.0,3.0,1.0,0.0,12.0,41.0,420.0,439.0,474.0,311.0,253.0,314.0,192.0,206.0,256.0,438.0
3200,0.0,0.0,0.0,0.0,1.0,0.0,1.0,1.0,20.0,47.0,58.0,34.0,31.0,23.0,11.0,21.0,17.0,29.0
3201,0.0,0.0,0.0,1.0,0.0,0.0,4.0,9.0,182.0,186.0,274.0,152.0,138.0,176.0,127.0,128.0,131.0,257.0
3202,0.0,0.0,0.0,0.0,0.0,0.0,0.0,1.0,6.0,23.0,28.0,12.0,9.0,13.0,8.0,7.0,16.0,24.0
3204,0.0,0.0,1.0,1.0,1.0,1.0,11.0,16.0,89.0,166.0,136.0,85.0,113.0,135.0,77.0,54.0,81.0,177.0
3205,0.0,0.0,0.0,0.0,0.0,0.0,3.0,5.0,7.0,13.0,22.0,14.0,10.0,14.0,12.0,16.0,27.0,26.0
3206,0.0,0.0,0.0,1.0,0.0,1.0,3.0,5.0,18.0,26.0,21.0,15.0,27.0,30.0,30.0,20.0,49.0,29.0
3207,0.0,0.0,0.0,0.0,0.0,0.0,4.0,2.0,16.0,32.0,23.0,21.0,17.0,33.0,31.0,20.0,41.0,40.0
3211,0.0,0.0,0.0,0.0,0.0,0.0,0.0,4.0,22.0,21.0,32.0,25.0,14.0,12.0,10.0,10.0,13.0,22.0
3212,0.0,0.0,0.0,0.0,1.0,2.0,2.0,17.0,68.0,201.0,273.0,210.0,163.0,115.0,113.0,91.0,100.0,198.0
3214,0.0,0.0,0.0,0.0,0.0,0.0,0.0,8.0,77.0,237.0,368.0,263.0,126.0,118.0,71.0,78.0,82.0,126.0
3215,0.0,0.0,0.0,0.0,1.0,0.0,2.0,19.0,54.0,172.0,215.0,203.0,123.0,106.0,85.0,98.0,93.0,158.0
3216,0.0,0.0,1.0,0.0,0.0,0.0,8.0,60.0,261.0,597.0,661.0,546.0,391.0,327.0,218.0,248.0,297.0,536.0
3218,0.0,0.0,0.0,0.0,0.0,0.0,1.0,9.0,40.0,98.0,118.0,88.0,51.0,60.0,52.0,49.0,40.0,93.0
3219,1.0,0.0,0.0,0.0,0.0,0.0,3.0,13.0,150.0,238.0,277.0,196.0,123.0,130.0,72.0,68.0,98.0,168.0
3220,0.0,0.0,0.0,0.0,3.0,0.0,2.0,11.0,61.0,118.0,116.0,101.0,65.0,85.0,63.0,74.0,92.0,128.0
3221,0.0,0.0,2.0,2.0,2.0,1.0,13.0,8.0,78.0,127.0,133.0,26.0,7.0,8.0,7.0,6.0,11.0,14.0
3222,0.0,0.0,0.0,0.0,1.0,0.0,6.0,8.0,65.0,161.0,241.0,194.0,157.0,167.0,131.0,135.0,147.0,252.0
3223,0.0,0.0,0.0,0.0,1.0,0.0,3.0,18.0,58.0,121.0,142.0,144.0,92.0,103.0,79.0,77.0,77.0,158.0
3224,0.0,0.0,0.0,0.0,1.0,0.0,2.0,5.0,54.0,130.0,203.0,179.0,164.0,132.0,94.0,97.0,114.0,156.0
3225,0.0,0.0,1.0,1.0,0.0,2.0,7.0,7.0,27.0,87.0,76.0,69.0,50.0,57.0,74.0,82.0,59.0,76.0
3226,0.0,0.0,0.0,0.0,0.0,0.0,5.0,17.0,50.0,176.0,205.0,194.0,162.0,127.0,126.0,91.0,135.0,315.0
3227,0.0,0.0,0.0,1.0,1.0,0.0,7.0,8.0,36.0,62.0,55.0,48.0,61.0,69.0,76.0,53.0,59.0,80.0
3228,0.0,0.0,0.0,0.0,1.0,1.0,6.0,15.0,74.0,218.0,224.0,189.0,125.0,178.0,143.0,124.0,186.0,255.0
3230,0.0,0.0,0.0,0.0,0.0,0.0,5.0,7.0,24.0,58.0,56.0,55.0,42.0,52.0,25.0,31.0,54.0,59.0
3231,0.0,0.0,0.0,1.0,0.0,0.0,1.0,4.0,12.0,27.0,31.0,26.0,12.0,19.0,23.0,23.0,50.0,36.0
3232,0.0,0.0,0.0,0.0,0.0,0.0,1.0,1.0,7.0,15.0,10.0,10.0,8.0,10.0,9.0,6.0,15.0,12.0
3233,0.0,0.0,1.0,0.0,1.0,1.0,2.0,4.0,13.0,23.0,35.0,33.0,16.0,21.0,11.0,15.0,27.0,44.0
3235,0.0,0.0,0.0,0.0,0.0,0.0,0.0,1.0,0.0,5.0,7.0,2.0,5.0,14.0,3.0,4.0,6.0,6.0
3236,0.0,0.0,1.0,0.0,1.0,0.0,1.0,0.0,4.0,3.0,3.0,4.0,1.0,3.0,3.0,4.0,2.0,7.0
3237,0.0,0.0,0.0,0.0,0.0,0.0,0.0,1.0,1.0,2.0,0.0,4.0,4.0,2.0,1.0,2.0,3.0,4.0
3238,0.0,0.0,0.0,0.0,0.0,0.0,0.0,0.0,4.0,4.0,4.0,8.0,4.0,2.0,0.0,4.0,2.0,6.0
3239,0.0,0.0,0.0,0.0,1.0,0.0,1.0,0.0,3.0,4.0,8.0,5.0,0.0,3.0,5.0,1.0,9.0,10.0
3240,0.0,0.0,1.0,0.0,0.0,0.0,0.0,2.0,17.0,29.0,31.0,36.0,16.0,22.0,21.0,18.0,26.0,19.0
3241,0.0,0.0,0.0,0.0,0.0,0.0,2.0,5.0,9.0,28.0,37.0,43.0,30.0,18.0,21.0,20.0,40.0,32.0
3242,0.0,0.0,0.0,0.0,0.0,0.0,0.0,3.0,6.0,10.0,15.0,10.0,10.0,11.0,0.0,4.0,14.0,10.0
3243,0.0,0.0,0.0,0.0,0.0,1.0,0.0,0.0,3.0,4.0,2.0,6.0,1.0,4.0,3.0,2.0,6.0,7.0
3249,0.0,0.0,1.0,1.0,0.0,0.0,1.0,2.0,18.0,70.0,31.0,40.0,25.0,25.0,9.0,28.0,45.0,47.0
3250,0.0,0.0,0.0,0.0,0.0,0.0,1.0,4.0,25.0,139.0,125.0,150.0,76.0,68.0,32.0,79.0,77.0,90.0
3251,0.0,0.0,0.0,0.0,0.0,0.0,0.0,0.0,0.0,8.0,5.0,8.0,2.0,12.0,1.0,5.0,5.0,4.0
3254,0.0,0.0,0.0,0.0,0.0,0.0,0.0,0.0,3.0,4.0,4.0,6.0,5.0,6.0,3.0,2.0,5.0,6.0
3260,0.0,0.0,0.0,2.0,1.0,0.0,2.0,2.0,3.0,28.0,56.0,54.0,33.0,25.0,18.0,32.0,43.0,60.0
3264,0.0,0.0,0.0,0.0,0.0,0.0,0.0,0.0,2.0,11.0,28.0,29.0,14.0,17.0,14.0,21.0,23.0,36.0
3265,0.0,0.0,0.0,0.0,0.0,0.0,0.0,1.0,10.0,20.0,51.0,19.0,17.0,15.0,10.0,16.0,19.0,82.0
3266,0.0,0.0,0.0,0.0,0.0,0.0,0.0,0.0,6.0,16.0,55.0,41.0,26.0,18.0,11.0,13.0,35.0,44.0
3267,0.0,0.0,0.0,0.0,0.0,0.0,0.0,0.0,0.0,1.0,5.0,0.0,1.0,1.0,0.0,2.0,1.0,7.0
3268,0.0,0.0,0.0,0.0,0.0,0.0,0.0,0.0,6.0,23.0,21.0,32.0,25.0,18.0,16.0,17.0,40.0,51.0
3269,0.0,0.0,0.0,1.0,0.0,1.0,0.0,0.0,2.0,10.0,3.0,4.0,8.0,6.0,6.0,5.0,13.0,11.0
3270,0.0,0.0,0.0,0.0,0.0,0.0,0.0,0.0,1.0,3.0,1.0,1.0,4.0,4.0,3.0,3.0,2.0,1.0
3271,0.0,0.0,0.0,0.0,0.0,0.0,0.0,0.0,0.0,3.0,1.0,3.0,1.0,2.0,1.0,2.0,4.0,1.0
3272,0.0,0.0,0.0,0.0,0.0,0.0,0.0,0.0,3.0,18.0,18.0,19.0,14.0,16.0,9.0,12.0,31.0,23.0
3274,0.0,0.0,0.0,0.0,0.0,0.0,0.0,0.0,0.0,3.0,1.0,5.0,4.0,5.0,1.0,2.0,8.0,6.0
3275,0.0,0.0,0.0,0.0,0.0,0.0,1.0,1.0,1.0,3.0,3.0,4.0,3.0,6.0,2.0,2.0,5.0,3.0
3276,0.0,0.0,0.0,0.0,0.0,0.0,0.0,0.0,0.0,2.0,6.0,3.0,1.0,4.0,5.0,3.0,4.0,6.0
3277,0.0,0.0,0.0,0.0,0.0,0.0,0.0,0.0,4.0,14.0,19.0,25.0,13.0,9.0,8.0,2.0,11.0,16.0
3279,0.0,0.0,0.0,0.0,0.0,0.0,0.0,0.0,1.0,4.0,1.0,4.0,2.0,5.0,1.0,4.0,3.0,0.0
3280,0.0,0.0,0.0,0.0,0.0,0.0,6.0,5.0,45.0,243.0,255.0,245.0,147.0,156.0,85.0,130.0,154.0,227.0
3281,0.0,0.0,0.0,0.0,0.0,0.0,0.0,0.0,4.0,23.0,32.0,23.0,14.0,18.0,9.0,10.0,16.0,30.0
3282,0.0,0.0,0.0,0.0,0.0,0.0,0.0,0.0,7.0,21.0,32.0,24.0,20.0,12.0,10.0,13.0,14.0,16.0
3283,0.0,0.0,1.0,0.0,0.0,0.0,0.0,0.0,6.0,17.0,13.0,14.0,7.0,11.0,12.0,9.0,17.0,15.0
3284,0.0,0.0,0.0,1.0,0.0,0.0,1.0,1.0,10.0,25.0,35.0,57.0,19.0,28.0,21.0,13.0,29.0,49.0
3285,0.0,0.0,0.0,0.0,0.0,0.0,0.0,3.0,4.0,11.0,21.0,19.0,7.0,11.0,8.0,11.0,10.0,10.0
3286,0.0,0.0,0.0,0.0,0.0,0.0,0.0,0.0,0.0,1.0,5.0,17.0,2.0,4.0,5.0,4.0,1.0,7.0
3287,0.0,0.0,0.0,0.0,0.0,0.0,0.0,0.0,0.0,5.0,11.0,5.0,0.0,2.0,3.0,3.0,3.0,2.0
3289,0.0,0.0,0.0,0.0,0.0,0.0,0.0,0.0,4.0,17.0,10.0,10.0,8.0,6.0,9.0,5.0,11.0,9.0
3292,0.0,0.0,0.0,0.0,0.0,0.0,0.0,0.0,3.0,9.0,2.0,2.0,4.0,3.0,1.0,4.0,6.0,3.0
3293,0.0,0.0,0.0,0.0,0.0,0.0,0.0,1.0,0.0,10.0,7.0,1.0,1.0,3.0,2.0,4.0,4.0,3.0
3294,0.0,0.0,0.0,0.0,0.0,0.0,0.0,1.0,1.0,5.0,17.0,14.0,10.0,3.0,10.0,6.0,10.0,6.0
3300,0.0,1.0,0.0,0.0,0.0,1.0,0.0,7.0,12.0,68.0,81.0,155.0,79.0,45.0,47.0,39.0,53.0,79.0
3301,0.0,0.0,0.0,0.0,0.0,0.0,0.0,1.0,4.0,6.0,8.0,25.0,11.0,5.0,10.0,11.0,10.0,15.0
3302,0.0,0.0,0.0,0.0,0.0,0.0,0.0,0.0,1.0,8.0,1.0,6.0,3.0,3.0,2.0,2.0,2.0,5.0
3303,0.0,0.0,0.0,0.0,0.0,0.0,0.0,0.0,0.0,2.0,2.0,5.0,3.0,2.0,3.0,3.0,0.0,4.0
3304,0.0,0.0,0.0,0.0,0.0,0.0,0.0,9.0,6.0,29.0,39.0,38.0,30.0,25.0,17.0,29.0,30.0,25.0
3305,0.0,0.0,0.0,0.0,0.0,0.0,2.0,25.0,28.0,180.0,184.0,198.0,82.0,93.0,60.0,75.0,76.0,154.0
3310,0.0,0.0,0.0,0.0,0.0,0.0,0.0,0.0,0.0,1.0,6.0,3.0,3.0,4.0,3.0,0.0,1.0,4.0
3311,0.0,0.0,0.0,0.0,0.0,0.0,4.0,2.0,0.0,12.0,49.0,27.0,11.0,9.0,11.0,7.0,20.0,16.0
3312,0.0,0.0,0.0,0.0,0.0,0.0,1.0,0.0,3.0,8.0,19.0,9.0,6.0,7.0,3.0,8.0,3.0,12.0
3314,0.0,0.0,0.0,1.0,0.0,1.0,0.0,2.0,3.0,9.0,8.0,9.0,3.0,3.0,5.0,1.0,6.0,5.0
3315,0.0,0.0,0.0,1.0,1.0,0.0,0.0,2.0,3.0,9.0,17.0,34.0,17.0,12.0,8.0,6.0,12.0,29.0
3317,0.0,0.0,0.0,1.0,0.0,0.0,0.0,0.0,0.0,1.0,2.0,1.0,0.0,1.0,1.0,0.0,2.0,0.0
3318,0.0,0.0,1.0,0.0,1.0,0.0,0.0,1.0,5.0,10.0,18.0,27.0,9.0,8.0,13.0,3.0,21.0,23.0
3319,0.0,0.0,0.0,0.0,0.0,0.0,0.0,0.0,0.0,5.0,6.0,2.0,1.0,1.0,2.0,4.0,5.0,6.0
3321,0.0,0.0,0.0,0.0,0.0,0.0,1.0,0.0,17.0,24.0,21.0,22.0,19.0,15.0,15.0,19.0,17.0,33.0
3322,0.0,0.0,0.0,0.0,0.0,0.0,0.0,0.0,0.0,2.0,2.0,1.0,1.0,1.0,2.0,0.0,1.0,1.0
3324,0.0,0.0,0.0,0.0,1.0,0.0,0.0,0.0,2.0,2.0,4.0,11.0,8.0,6.0,5.0,3.0,15.0,12.0
3325,0.0,0.0,0.0,0.0,0.0,0.0,0.0,0.0,1.0,6.0,6.0,10.0,8.0,12.0,5.0,2.0,12.0,6.0
3328,0.0,0.0,0.0,0.0,0.0,0.0,1.0,5.0,29.0,14.0,41.0,29.0,10.0,11.0,15.0,16.0,25.0,34.0
3329,0.0,0.0,0.0,0.0,0.0,0.0,0.0,0.0,1.0,1.0,6.0,1.0,3.0,1.0,0.0,2.0,4.0,4.0
3330,0.0,0.0,0.0,0.0,0.0,0.0,0.0,0.0,1.0,2.0,1.0,3.0,1.0,2.0,1.0,8.0,3.0,2.0
3331,0.0,1.0,1.0,0.0,0.0,0.0,2.0,9.0,45.0,70.0,122.0,94.0,53.0,65.0,64.0,58.0,64.0,99.0
3332,0.0,0.0,0.0,0.0,0.0,0.0,0.0,1.0,19.0,10.0,15.0,14.0,14.0,13.0,17.0,13.0,13.0,10.0
3333,0.0,0.0,0.0,0.0,0.0,0.0,0.0,2.0,7.0,12.0,13.0,14.0,9.0,8.0,6.0,8.0,6.0,8.0
3334,0.0,0.0,0.0,0.0,0.0,0.0,0.0,1.0,7.0,6.0,7.0,6.0,5.0,4.0,3.0,2.0,8.0,3.0
3335,0.0,0.0,0.0,0.0,0.0,0.0,0.0,2.0,9.0,18.0,22.0,22.0,30.0,41.0,71.0,71.0,81.0,163.0
3337,0.0,0.0,1.0,0.0,0.0,0.0,1.0,18.0,135.0,467.0,468.0,379.0,272.0,305.0,292.0,228.0,187.0,397.0
3338,0.0,0.0,1.0,2.0,0.0,0.0,2.0,5.0,69.0,224.0,247.0,196.0,168.0,191.0,173.0,174.0,204.0,401.0
3340,0.0,0.0,2.0,0.0,1.0,0.0,4.0,17.0,142.0,307.0,289.0,204.0,181.0,141.0,166.0,136.0,129.0,249.0
3341,0.0,1.0,0.0,0.0,0.0,1.0,0.0,2.0,21.0,28.0,38.0,22.0,17.0,17.0,15.0,14.0,17.0,16.0
3342,0.0,0.0,0.0,2.0,0.0,1.0,1.0,1.0,37.0,92.0,59.0,47.0,24.0,26.0,44.0,28.0,34.0,45.0
3345,0.0,0.0,0.0,0.0,0.0,0.0,0.0,1.0,6.0,31.0,23.0,23.0,14.0,14.0,16.0,6.0,26.0,21.0
3350,0.0,0.0,0.0,1.0,1.0,5.0,9.0,15.0,164.0,453.0,459.0,395.0,268.0,291.0,191.0,213.0,296.0,592.0
3351,1.0,0.0,0.0,0.0,0.0,0.0,4.0,0.0,40.0,137.0,133.0,136.0,68.0,69.0,60.0,99.0,102.0,135.0
3352,1.0,0.0,1.0,0.0,3.0,1.0,9.0,5.0,90.0,203.0,245.0,194.0,143.0,157.0,119.0,120.0,184.0,279.0
3353,0.0,0.0,0.0,0.0,0.0,0.0,0.0,1.0,1.0,1.0,2.0,4.0,1.0,0.0,0.0,0.0,0.0,0.0
3354,0.0,0.0,0.0,0.0,0.0,0.0,0.0,0.0,0.0,0.0,0.0,0.0,0.0,1.0,0.0,0.0,0.0,0.0
3355,0.0,0.0,0.0,0.0,0.0,2.0,3.0,2.0,21.0,86.0,106.0,96.0,72.0,54.0,45.0,39.0,70.0,102.0
3356,0.0,0.0,0.0,0.0,0.0,0.0,2.0,2.0,19.0,111.0,133.0,146.0,115.0,120.0,39.0,82.0,86.0,195.0
3357,0.0,0.0,1.0,0.0,0.0,1.0,2.0,1.0,13.0,46.0,51.0,41.0,44.0,29.0,17.0,27.0,25.0,63.0
3360,0.0,0.0,0.0,0.0,0.0,0.0,0.0,0.0,6.0,10.0,5.0,12.0,7.0,9.0,1.0,3.0,11.0,21.0
3361,0.0,0.0,1.0,0.0,0.0,0.0,0.0,0.0,1.0,6.0,7.0,15.0,7.0,6.0,5.0,9.0,8.0,8.0
3363,0.0,0.0,0.0,0.0,0.0,1.0,0.0,2.0,16.0,48.0,63.0,46.0,23.0,29.0,24.0,35.0,39.0,76.0
3364,0.0,0.0,0.0,0.0,0.0,0.0,0.0,2.0,8.0,27.0,37.0,40.0,25.0,29.0,19.0,11.0,30.0,35.0
3370,0.0,0.0,0.0,0.0,0.0,0.0,0.0,1.0,8.0,37.0,27.0,28.0,24.0,24.0,12.0,13.0,27.0,54.0
3371,0.0,0.0,0.0,0.0,2.0,2.0,2.0,1.0,6.0,18.0,30.0,28.0,15.0,11.0,14.0,17.0,17.0,19.0
3373,1.0,0.0,0.0,0.0,0.0,0.0,3.0,1.0,9.0,18.0,34.0,53.0,32.0,23.0,22.0,33.0,30.0,37.0
3375,0.0,0.0,0.0,0.0,0.0,0.0,0.0,0.0,0.0,1.0,3.0,6.0,0.0,2.0,0.0,1.0,4.0,0.0
3377,0.0,0.0,0.0,1.0,2.0,2.0,1.0,7.0,31.0,65.0,142.0,143.0,71.0,50.0,44.0,34.0,88.0,180.0
3379,0.0,0.0,0.0,0.0,0.0,0.0,0.0,2.0,0.0,3.0,9.0,10.0,11.0,7.0,7.0,5.0,18.0,11.0
3380,0.0,0.0,2.0,1.0,0.0,1.0,0.0,2.0,11.0,61.0,121.0,79.0,33.0,31.0,34.0,48.0,53.0,71.0
3381,0.0,0.0,1.0,0.0,1.0,1.0,1.0,1.0,7.0,16.0,23.0,24.0,14.0,8.0,8.0,17.0,21.0,26.0
3384,0.0,0.0,0.0,0.0,0.0,0.0,0.0,1.0,2.0,5.0,11.0,7.0,11.0,5.0,2.0,6.0,9.0,10.0
3385,0.0,0.0,0.0,1.0,0.0,0.0,0.0,0.0,2.0,12.0,14.0,13.0,4.0,8.0,4.0,6.0,9.0,9.0
3387,0.0,0.0,0.0,0.0,0.0,0.0,0.0,0.0,1.0,6.0,19.0,4.0,4.0,3.0,2.0,5.0,7.0,4.0
3388,0.0,0.0,0.0,0.0,0.0,0.0,1.0,1.0,2.0,6.0,13.0,14.0,6.0,2.0,5.0,14.0,5.0,8.0
3390,0.0,0.0,0.0,0.0,0.0,0.0,2.0,1.0,4.0,26.0,21.0,17.0,7.0,3.0,11.0,14.0,11.0,13.0
3391,0.0,0.0,0.0,0.0,0.0,0.0,1.0,0.0,3.0,1.0,9.0,0.0,2.0,1.0,0.0,4.0,1.0,1.0
3392,0.0,0.0,0.0,0.0,0.0,0.0,1.0,1.0,4.0,12.0,10.0,4.0,8.0,13.0,8.0,11.0,10.0,3.0
3393,0.0,0.0,0.0,0.0,0.0,1.0,1.0,6.0,18.0,41.0,39.0,41.0,24.0,26.0,34.0,16.0,46.0,33.0
3395,0.0,0.0,0.0,0.0,0.0,0.0,0.0,1.0,2.0,13.0,20.0,13.0,1.0,9.0,5.0,1.0,3.0,4.0
3396,0.0,0.0,0.0,0.0,0.0,0.0,0.0,27.0,7.0,9.0,6.0,4.0,6.0,7.0,13.0,4.0,6.0,13.0
3400,0.0,0.0,0.0,1.0,0.0,0.0,1.0,7.0,26.0,149.0,230.0,212.0,125.0,77.0,78.0,77.0,118.0,157.0
3401,0.0,0.0,1.0,0.0,1.0,0.0,3.0,6.0,20.0,67.0,107.0,97.0,58.0,31.0,33.0,36.0,39.0,64.0
3402,0.0,1.0,0.0,0.0,0.0,0.0,0.0,1.0,8.0,2.0,2.0,0.0,5.0,1.0,2.0,0.0,0.0,0.0
3407,0.0,0.0,0.0,1.0,0.0,0.0,0.0,0.0,0.0,7.0,12.0,7.0,5.0,0.0,4.0,3.0,3.0,7.0
3409,0.0,0.0,0.0,0.0,0.0,0.0,0.0,19.0,15.0,18.0,32.0,16.0,11.0,7.0,10.0,10.0,11.0,24.0
3412,0.0,0.0,0.0,0.0,0.0,0.0,0.0,0.0,3.0,12.0,8.0,9.0,1.0,0.0,5.0,7.0,3.0,2.0
3414,0.0,0.0,1.0,0.0,0.0,0.0,0.0,16.0,21.0,33.0,31.0,40.0,26.0,10.0,31.0,11.0,23.0,29.0
3418,0.0,0.0,0.0,0.0,0.0,0.0,0.0,4.0,5.0,111.0,48.0,54.0,38.0,26.0,20.0,17.0,32.0,18.0
3419,0.0,0.0,0.0,0.0,0.0,0.0,0.0,0.0,4.0,42.0,27.0,12.0,11.0,6.0,10.0,4.0,3.0,9.0
3423,0.0,0.0,0.0,0.0,0.0,0.0,1.0,0.0,1.0,7.0,9.0,7.0,2.0,5.0,16.0,2.0,11.0,13.0
3424,0.0,0.0,0.0,0.0,0.0,0.0,0.0,4.0,8.0,17.0,5.0,9.0,7.0,4.0,7.0,4.0,10.0,20.0
3427,0.0,0.0,0.0,0.0,0.0,0.0,1.0,0.0,12.0,23.0,46.0,23.0,19.0,25.0,30.0,40.0,34.0,73.0
3428,0.0,0.0,0.0,0.0,0.0,0.0,0.0,0.0,5.0,5.0,10.0,8.0,6.0,9.0,7.0,10.0,6.0,8.0
3429,0.0,0.0,1.0,0.0,0.0,2.0,0.0,17.0,180.0,359.0,411.0,351.0,293.0,236.0,204.0,182.0,227.0,391.0
3430,0.0,0.0,0.0,0.0,0.0,0.0,0.0,0.0,2.0,1.0,7.0,4.0,4.0,2.0,3.0,1.0,2.0,3.0
3431,0.0,0.0,0.0,0.0,0.0,0.0,1.0,4.0,26.0,65.0,70.0,50.0,40.0,53.0,24.0,36.0,37.0,52.0
3433,0.0,0.0,0.0,0.0,0.0,1.0,0.0,0.0,5.0,0.0,3.0,4.0,2.0,2.0,3.0,4.0,3.0,2.0
3434,0.0,0.0,1.0,0.0,0.0,0.0,2.0,3.0,23.0,74.0,82.0,60.0,50.0,38.0,41.0,35.0,63.0,89.0
3435,0.0,0.0,0.0,0.0,0.0,0.0,3.0,4.0,24.0,41.0,48.0,40.0,25.0,36.0,24.0,37.0,41.0,45.0
3437,0.0,0.0,0.0,0.0,2.0,1.0,1.0,9.0,42.0,137.0,135.0,100.0,61.0,108.0,83.0,86.0,120.0,140.0
3438,0.0,0.0,0.0,0.0,0.0,0.0,1.0,2.0,9.0,21.0,38.0,26.0,21.0,15.0,16.0,21.0,17.0,27.0
3440,0.0,0.0,0.0,0.0,0.0,0.0,1.0,1.0,14.0,32.0,29.0,10.0,5.0,21.0,17.0,12.0,20.0,22.0
3441,0.0,0.0,0.0,1.0,0.0,0.0,0.0,0.0,3.0,11.0,5.0,9.0,7.0,17.0,9.0,10.0,13.0,12.0
3442,0.0,0.0,0.0,0.0,0.0,0.0,7.0,13.0,48.0,111.0,106.0,106.0,49.0,68.0,76.0,88.0,96.0,160.0
3444,0.0,0.0,0.0,2.0,1.0,2.0,8.0,11.0,53.0,162.0,138.0,104.0,58.0,114.0,118.0,114.0,119.0,148.0
3446,0.0,0.0,0.0,0.0,0.0,0.0,1.0,2.0,12.0,17.0,21.0,22.0,11.0,10.0,26.0,10.0,14.0,16.0
3447,0.0,0.0,0.0,0.0,0.0,0.0,1.0,1.0,8.0,10.0,13.0,8.0,9.0,9.0,10.0,4.0,10.0,9.0
3448,0.0,0.0,0.0,0.0,0.0,0.0,2.0,4.0,6.0,31.0,27.0,19.0,15.0,15.0,8.0,22.0,10.0,16.0
3450,0.0,0.0,0.0,0.0,1.0,0.0,5.0,8.0,70.0,154.0,158.0,89.0,61.0,168.0,117.0,80.0,94.0,108.0
3451,2.0,3.0,0.0,2.0,6.0,1.0,6.0,12.0,34.0,95.0,90.0,78.0,45.0,90.0,60.0,77.0,90.0,107.0
3453,0.0,0.0,0.0,0.0,0.0,1.0,4.0,4.0,14.0,36.0,48.0,34.0,25.0,47.0,22.0,24.0,38.0,34.0
3458,0.0,0.0,0.0,0.0,1.0,1.0,1.0,3.0,13.0,27.0,46.0,27.0,25.0,31.0,22.0,31.0,25.0,61.0
3460,0.0,0.0,0.0,0.0,0.0,0.0,0.0,4.0,25.0,40.0,33.0,45.0,32.0,31.0,21.0,18.0,34.0,51.0
3461,0.0,0.0,1.0,1.0,2.0,0.0,3.0,7.0,54.0,71.0,71.0,81.0,64.0,58.0,56.0,46.0,64.0,101.0
3462,0.0,0.0,0.0,1.0,0.0,0.0,2.0,4.0,13.0,35.0,30.0,21.0,17.0,21.0,21.0,19.0,29.0,19.0
3463,0.0,1.0,0.0,1.0,0.0,0.0,4.0,6.0,16.0,69.0,59.0,55.0,64.0,49.0,39.0,38.0,42.0,43.0
3464,0.0,0.0,0.0,0.0,0.0,0.0,0.0,1.0,4.0,21.0,23.0,32.0,11.0,13.0,12.0,14.0,17.0,13.0
3465,0.0,1.0,2.0,0.0,0.0,0.0,6.0,4.0,42.0,160.0,215.0,198.0,117.0,98.0,63.0,90.0,118.0,181.0
3467,1.0,0.0,0.0,0.0,0.0,0.0,0.0,0.0,8.0,13.0,20.0,27.0,21.0,22.0,17.0,36.0,41.0,25.0
3468,0.0,0.0,1.0,0.0,0.0,0.0,0.0,0.0,4.0,8.0,6.0,7.0,2.0,2.0,12.0,5.0,6.0,7.0
3469,0.0,0.0,1.0,0.0,0.0,0.0,0.0,0.0,1.0,5.0,3.0,4.0,3.0,5.0,3.0,9.0,4.0,7.0
3472,0.0,0.0,0.0,0.0,0.0,0.0,3.0,5.0,12.0,50.0,30.0,32.0,48.0,16.0,20.0,15.0,17.0,49.0
3475,0.0,0.0,0.0,0.0,0.0,0.0,0.0,0.0,5.0,7.0,12.0,2.0,4.0,4.0,5.0,10.0,10.0,6.0
3478,0.0,0.0,0.0,2.0,1.0,1.0,0.0,3.0,14.0,55.0,59.0,43.0,11.0,26.0,36.0,15.0,33.0,43.0
3480,0.0,0.0,0.0,0.0,0.0,0.0,1.0,1.0,27.0,24.0,9.0,17.0,18.0,13.0,15.0,10.0,26.0,22.0
3482,0.0,0.0,0.0,0.0,0.0,0.0,0.0,0.0,3.0,0.0,7.0,0.0,0.0,1.0,8.0,3.0,3.0,4.0
3483,0.0,0.0,0.0,0.0,0.0,0.0,1.0,0.0,13.0,6.0,8.0,11.0,19.0,9.0,8.0,12.0,27.0,12.0
3485,0.0,0.0,0.0,0.0,0.0,0.0,0.0,0.0,2.0,6.0,5.0,3.0,6.0,4.0,1.0,4.0,11.0,3.0
3490,0.0,0.0,0.0,0.0,0.0,1.0,0.0,0.0,1.0,6.0,31.0,28.0,22.0,9.0,11.0,9.0,16.0,12.0
3491,0.0,0.0,0.0,0.0,0.0,0.0,0.0,1.0,2.0,0.0,1.0,0.0,1.0,3.0,2.0,4.0,2.0,3.0
3494,1.0,0.0,0.0,0.0,0.0,1.0,0.0,1.0,0.0,3.0,8.0,3.0,1.0,8.0,3.0,3.0,0.0,8.0
3496,0.0,0.0,0.0,0.0,0.0,0.0,2.0,6.0,12.0,56.0,72.0,88.0,69.0,51.0,41.0,58.0,86.0,101.0
3498,0.0,0.0,0.0,1.0,1.0,0.0,2.0,3.0,15.0,40.0,60.0,64.0,51.0,38.0,26.0,38.0,63.0,104.0
3500,0.0,1.0,0.0,1.0,0.0,1.0,21.0,33.0,77.0,204.0,296.0,281.0,212.0,221.0,172.0,229.0,324.0,379.0
3501,0.0,0.0,0.0,0.0,0.0,0.0,4.0,6.0,11.0,25.0,38.0,35.0,32.0,26.0,6.0,16.0,29.0,35.0
3502,0.0,0.0,0.0,0.0,1.0,0.0,0.0,0.0,1.0,4.0,9.0,5.0,2.0,5.0,2.0,0.0,0.0,0.0
3505,0.0,0.0,0.0,1.0,1.0,1.0,2.0,3.0,20.0,62.0,77.0,90.0,56.0,34.0,40.0,31.0,56.0,76.0
3507,0.0,0.0,0.0,0.0,0.0,0.0,0.0,0.0,1.0,0.0,6.0,5.0,2.0,3.0,3.0,1.0,0.0,2.0
3509,0.0,0.0,0.0,0.0,0.0,0.0,0.0,0.0,0.0,4.0,15.0,4.0,1.0,0.0,6.0,2.0,3.0,2.0
3512,0.0,0.0,0.0,0.0,0.0,0.0,2.0,0.0,1.0,4.0,8.0,12.0,8.0,6.0,5.0,2.0,1.0,3.0
3515,0.0,0.0,0.0,0.0,0.0,0.0,0.0,3.0,4.0,27.0,25.0,27.0,20.0,20.0,20.0,14.0,28.0,41.0
3516,0.0,0.0,0.0,0.0,0.0,0.0,0.0,0.0,8.0,20.0,24.0,9.0,3.0,8.0,7.0,11.0,7.0,8.0
3517,0.0,0.0,0.0,0.0,0.0,1.0,2.0,3.0,15.0,53.0,31.0,23.0,15.0,16.0,20.0,29.0,28.0,16.0
3518,0.0,0.0,0.0,4.0,0.0,0.0,0.0,4.0,14.0,27.0,33.0,22.0,15.0,26.0,23.0,12.0,24.0,13.0
3520,0.0,0.0,0.0,0.0,0.0,0.0,0.0,0.0,0.0,6.0,2.0,3.0,2.0,2.0,4.0,4.0,7.0,3.0
3521,0.0,0.0,0.0,0.0,0.0,0.0,0.0,1.0,8.0,13.0,6.0,9.0,11.0,7.0,16.0,7.0,9.0,15.0
3522,0.0,0.0,0.0,0.0,0.0,0.0,1.0,0.0,0.0,6.0,13.0,9.0,2.0,12.0,6.0,3.0,4.0,5.0
3523,0.0,0.0,0.0,1.0,0.0,1.0,8.0,6.0,32.0,104.0,111.0,80.0,59.0,51.0,32.0,59.0,69.0,73.0
3525,0.0,0.0,0.0,0.0,0.0,0.0,0.0,1.0,18.0,11.0,38.0,34.0,33.0,17.0,10.0,12.0,22.0,26.0
3527,0.0,0.0,0.0,0.0,0.0,0.0,1.0,0.0,2.0,16.0,25.0,11.0,9.0,4.0,7.0,9.0,10.0,11.0
3531,0.0,0.0,0.0,0.0,0.0,0.0,0.0,0.0,1.0,4.0,4.0,0.0,2.0,1.0,3.0,5.0,1.0,1.0
3533,0.0,0.0,0.0,0.0,0.0,0.0,1.0,1.0,1.0,22.0,28.0,8.0,4.0,5.0,12.0,9.0,10.0,7.0
3537,0.0,0.0,0.0,0.0,0.0,0.0,0.0,0.0,3.0,25.0,23.0,21.0,15.0,13.0,9.0,7.0,18.0,6.0
3539,0,0.0,0.0,0.0,0.0,0.0,0.0,0.0,0.0,0.0,0.0,0.0,0.0,0.0,0.0,0.0,0.0,0.0
3540,0.0,0.0,0.0,1.0,0.0,0.0,0.0,0.0,1.0,19.0,6.0,5.0,3.0,7.0,4.0,2.0,3.0,5.0
3542,0.0,0.0,0.0,0.0,0.0,0.0,0.0,0.0,1.0,1.0,1.0,2.0,2.0,0.0,2.0,7.0,2.0,5.0
3544,0.0,0.0,0.0,0.0,0.0,0.0,0.0,0.0,1.0,10.0,5.0,1.0,3.0,1.0,8.0,5.0,5.0,4.0
3546,0.0,0.0,0.0,0.0,0.0,0.0,0.0,0.0,1.0,13.0,13.0,7.0,7.0,5.0,2.0,4.0,9.0,6.0
3549,0.0,0.0,0.0,0.0,0.0,0.0,0.0,1.0,11.0,24.0,15.0,35.0,29.0,14.0,13.0,20.0,24.0,31.0
3550,0.0,0.0,1.0,1.0,1.0,2.0,9.0,46.0,212.0,586.0,499.0,369.0,242.0,253.0,134.0,174.0,252.0,424.0
3551,0.0,1.0,0.0,5.0,0.0,2.0,8.0,43.0,123.0,568.0,521.0,469.0,305.0,288.0,217.0,236.0,346.0,561.0
3552,0.0,0.0,0.0,0.0,0.0,0.0,1.0,0.0,3.0,2.0,4.0,6.0,2.0,2.0,0.0,1.0,1.0,0.0
3554,0.0,0.0,0.0,0.0,0.0,0.0,1.0,0.0,0.0,0.0,0.0,1.0,0.0,0.0,0.0,0.0,0.0,0.0
3555,0.0,0.0,0.0,0.0,0.0,2.0,5.0,9.0,41.0,310.0,256.0,232.0,156.0,142.0,104.0,81.0,115.0,237.0
3556,0.0,0.0,0.0,0.0,0.0,1.0,2.0,11.0,26.0,229.0,191.0,157.0,128.0,98.0,59.0,64.0,110.0,150.0
3557,0.0,0.0,0.0,0.0,0.0,0.0,0.0,1.0,3.0,14.0,13.0,10.0,9.0,19.0,8.0,3.0,11.0,18.0
3558,0.0,0.0,0.0,0.0,0.0,0.0,0.0,0.0,7.0,23.0,31.0,24.0,17.0,11.0,10.0,10.0,8.0,13.0
3559,0.0,0.0,0.0,0.0,0.0,0.0,0.0,0.0,9.0,2.0,4.0,10.0,4.0,5.0,4.0,5.0,3.0,6.0
3561,0.0,0.0,0.0,0.0,1.0,0.0,1.0,2.0,37.0,107.0,119.0,116.0,57.0,32.0,54.0,32.0,46.0,78.0
3562,0.0,0.0,0.0,0.0,0.0,0.0,0.0,0.0,5.0,10.0,3.0,5.0,1.0,4.0,1.0,4.0,7.0,7.0
3563,0.0,0.0,0.0,0.0,0.0,0.0,0.0,0.0,3.0,13.0,22.0,16.0,9.0,9.0,4.0,4.0,14.0,14.0
3564,0.0,0.0,0.0,1.0,1.0,0.0,3.0,17.0,90.0,332.0,219.0,241.0,203.0,186.0,159.0,152.0,189.0,272.0
3566,0.0,0.0,0.0,0.0,0.0,0.0,0.0,0.0,5.0,13.0,4.0,12.0,7.0,5.0,6.0,4.0,13.0,17.0
3567,0.0,0.0,0.0,0.0,0.0,0.0,0.0,0.0,3.0,15.0,14.0,12.0,9.0,1.0,7.0,8.0,16.0,7.0
3568,0.0,0.0,0.0,0.0,0.0,0.0,0.0,1.0,14.0,44.0,53.0,77.0,31.0,24.0,37.0,41.0,56.0,39.0
3570,0.0,0.0,0.0,0.0,0.0,0.0,0.0,0.0,4.0,26.0,16.0,10.0,10.0,23.0,7.0,17.0,8.0,16.0
3571,0.0,0.0,0.0,0.0,0.0,0.0,1.0,0.0,3.0,10.0,6.0,8.0,2.0,2.0,3.0,9.0,6.0,4.0
3572,0.0,0.0,0.0,0.0,0.0,0.0,0.0,0.0,1.0,0.0,0.0,1.0,3.0,0.0,1.0,0.0,4.0,2.0
3573,0.0,0.0,0.0,0.0,0.0,0.0,0.0,0.0,4.0,4.0,3.0,6.0,1.0,7.0,4.0,6.0,2.0,3.0
3575,0.0,0.0,0.0,0.0,0.0,0.0,1.0,2.0,4.0,13.0,15.0,10.0,15.0,6.0,7.0,5.0,8.0,12.0
3579,0.0,0.0,0.0,0.0,1.0,0.0,2.0,1.0,21.0,119.0,137.0,144.0,51.0,48.0,53.0,63.0,84.0,69.0
3580,0.0,0.0,0.0,1.0,0.0,0.0,1.0,0.0,9.0,16.0,15.0,22.0,8.0,22.0,10.0,22.0,11.0,25.0
3581,0.0,0.0,0.0,0.0,0.0,0.0,1.0,0.0,4.0,2.0,5.0,4.0,2.0,3.0,2.0,2.0,5.0,4.0
3584,0.0,0.0,0.0,0.0,0.0,0.0,0.0,0.0,4.0,19.0,20.0,13.0,7.0,6.0,12.0,16.0,10.0,21.0
3585,0.0,0.0,0.0,0.0,0.0,0.0,0.0,0.0,25.0,223.0,157.0,175.0,76.0,72.0,56.0,100.0,103.0,151.0
3586,0.0,0.0,0.0,0.0,0.0,0.0,0.0,0.0,4.0,14.0,18.0,13.0,12.0,6.0,5.0,2.0,10.0,13.0
3588,0.0,0.0,0.0,0.0,0.0,0.0,0.0,0.0,0.0,7.0,5.0,7.0,4.0,12.0,3.0,9.0,3.0,13.0
3589,0.0,0.0,0.0,0.0,0.0,0.0,0.0,0.0,1.0,5.0,8.0,5.0,0.0,6.0,2.0,4.0,15.0,2.0
3590,0.0,0.0,0.0,0.0,0.0,0.0,0.0,0.0,3.0,8.0,5.0,11.0,3.0,0.0,2.0,7.0,3.0,0.0
3594,0.0,0.0,0.0,0.0,0.0,0.0,0.0,0.0,3.0,22.0,9.0,18.0,6.0,3.0,7.0,4.0,17.0,7.0
3595,0.0,0.0,0.0,0.0,0.0,0.0,0.0,0.0,0.0,18.0,22.0,17.0,10.0,4.0,11.0,14.0,11.0,12.0
3597,0.0,0.0,0.0,0.0,0.0,0.0,0.0,1.0,0.0,1.0,10.0,7.0,1.0,2.0,10.0,6.0,2.0,7.0
3608,0.0,0.0,0.0,0.0,1.0,0.0,2.0,4.0,19.0,58.0,43.0,49.0,36.0,40.0,31.0,38.0,57.0,39.0
3610,0.0,0.0,0.0,0.0,0.0,0.0,3.0,15.0,34.0,23.0,25.0,25.0,19.0,28.0,19.0,21.0,28.0,24.0
3612,0.0,0.0,1.0,1.0,0.0,0.0,2.0,10.0,45.0,35.0,22.0,37.0,22.0,31.0,27.0,27.0,15.0,25.0
3613,0,0.0,0.0,0.0,0.0,0.0,0.0,0.0,0.0,0.0,0.0,0.0,0.0,0.0,0.0,0.0,0.0,0.0
3614,0.0,0.0,0.0,0.0,0.0,0.0,1.0,8.0,17.0,18.0,16.0,13.0,16.0,12.0,10.0,10.0,21.0,18.0
3616,0.0,0.0,0.0,0.0,0.0,1.0,2.0,28.0,65.0,76.0,81.0,64.0,76.0,51.0,38.0,51.0,82.0,83.0
3618,0.0,0.0,0.0,0.0,0.0,0.0,0.0,2.0,4.0,9.0,14.0,12.0,8.0,14.0,14.0,6.0,6.0,16.0
3619,0.0,0.0,0.0,0.0,0.0,0.0,0.0,2.0,6.0,9.0,11.0,10.0,11.0,7.0,4.0,11.0,4.0,2.0
3620,0.0,0.0,0.0,0.0,0.0,1.0,2.0,86.0,72.0,155.0,105.0,159.0,83.0,59.0,82.0,80.0,71.0,130.0
3621,0.0,0.0,0.0,0.0,0.0,0.0,1.0,22.0,26.0,33.0,30.0,65.0,22.0,26.0,27.0,31.0,25.0,32.0
3622,0.0,0.0,0.0,0.0,0.0,0.0,0.0,0.0,2.0,4.0,6.0,13.0,10.0,3.0,8.0,4.0,7.0,5.0
3623,0.0,0.0,0.0,0.0,0.0,0.0,0.0,5.0,11.0,12.0,19.0,17.0,14.0,14.0,14.0,9.0,15.0,12.0
3624,0.0,0.0,0.0,0.0,0.0,0.0,0.0,6.0,5.0,3.0,6.0,6.0,14.0,9.0,12.0,3.0,13.0,18.0
3629,0.0,0.0,0.0,0.0,0.0,0.0,0.0,21.0,115.0,148.0,94.0,134.0,84.0,69.0,63.0,78.0,83.0,132.0
3630,0.0,1.0,0.0,1.0,0.0,0.0,3.0,37.0,276.0,393.0,311.0,327.0,220.0,219.0,189.0,210.0,220.0,359.0
3631,0.0,0.0,0.0,0.0,0.0,0.0,4.0,23.0,169.0,183.0,179.0,156.0,110.0,106.0,77.0,142.0,165.0,274.0
3632,0.0,0.0,0.0,0.0,0.0,0.0,0.0,0.0,5.0,1.0,9.0,10.0,1.0,7.0,6.0,6.0,4.0,2.0
3633,0.0,0.0,0.0,0.0,0.0,0.0,0.0,3.0,15.0,18.0,11.0,16.0,11.0,9.0,5.0,9.0,5.0,9.0
3634,0.0,0.0,0.0,0.0,0.0,0.0,0.0,4.0,23.0,31.0,21.0,33.0,34.0,32.0,14.0,17.0,28.0,25.0
3635,0.0,0.0,0.0,0.0,0.0,0.0,1.0,4.0,12.0,9.0,8.0,10.0,12.0,3.0,7.0,6.0,9.0,13.0
3636,0.0,0.0,0.0,0.0,1.0,0.0,2.0,26.0,76.0,92.0,97.0,128.0,77.0,67.0,34.0,71.0,82.0,91.0
3637,0.0,0.0,0.0,0.0,0.0,0.0,1.0,0.0,8.0,11.0,14.0,15.0,6.0,6.0,8.0,10.0,7.0,14.0
3638,0.0,0.0,0.0,0.0,1.0,1.0,1.0,4.0,20.0,39.0,36.0,43.0,27.0,30.0,32.0,30.0,35.0,42.0
3639,0.0,0.0,0.0,0.0,0.0,0.0,4.0,0.0,5.0,11.0,2.0,16.0,10.0,4.0,8.0,14.0,10.0,15.0
3640,0.0,0.0,0.0,0.0,0.0,0.0,1.0,2.0,14.0,11.0,31.0,27.0,17.0,15.0,16.0,20.0,17.0,17.0
3641,0.0,0.0,0.0,0.0,0.0,0.0,1.0,1.0,9.0,16.0,28.0,47.0,26.0,17.0,14.0,17.0,21.0,18.0
3644,0.0,0.0,0.0,0.0,0.0,0.0,1.0,7.0,35.0,171.0,174.0,231.0,152.0,121.0,85.0,90.0,107.0,163.0
3646,0.0,0.0,0.0,0.0,0.0,0.0,0.0,2.0,8.0,17.0,13.0,8.0,11.0,8.0,9.0,10.0,8.0,9.0
3649,0.0,0.0,0.0,0.0,0.0,0.0,0.0,2.0,6.0,7.0,4.0,11.0,7.0,8.0,2.0,6.0,3.0,7.0
3658,0.0,0.0,2.0,2.0,2.0,0.0,1.0,2.0,28.0,114.0,114.0,115.0,81.0,76.0,60.0,70.0,82.0,73.0
3659,0.0,0.0,1.0,0.0,2.0,1.0,0.0,1.0,4.0,11.0,14.0,18.0,18.0,9.0,13.0,11.0,12.0,15.0
3660,1.0,0.0,0.0,1.0,0.0,1.0,1.0,3.0,20.0,105.0,136.0,135.0,109.0,85.0,60.0,69.0,66.0,90.0
3661,0.0,0.0,0.0,0.0,0.0,0.0,0.0,0.0,2.0,4.0,6.0,0.0,3.0,6.0,9.0,4.0,2.0,1.0
3662,0.0,0.0,0.0,0.0,0.0,0.0,0.0,0.0,0.0,0.0,1.0,1.0,0.0,0.0,1.0,0.0,2.0,0.0
3664,0.0,0.0,0.0,0.0,0.0,1.0,0.0,2.0,2.0,17.0,23.0,19.0,12.0,18.0,28.0,20.0,24.0,22.0
3665,0.0,0.0,1.0,0.0,1.0,2.0,1.0,1.0,10.0,8.0,6.0,5.0,2.0,4.0,11.0,5.0,10.0,5.0
3666,0.0,0.0,3.0,2.0,0.0,1.0,5.0,13.0,75.0,88.0,91.0,102.0,85.0,60.0,54.0,64.0,100.0,91.0
3669,0.0,0.0,2.0,2.0,0.0,1.0,3.0,3.0,21.0,21.0,24.0,27.0,15.0,18.0,16.0,27.0,31.0,16.0
3670,0.0,0.0,0.0,1.0,0.0,0.0,1.0,0.0,7.0,11.0,5.0,16.0,8.0,27.0,8.0,8.0,8.0,14.0
3672,0.0,0.0,0.0,1.0,1.0,0.0,2.0,4.0,60.0,143.0,140.0,126.0,122.0,77.0,70.0,78.0,103.0,166.0
3673,0.0,0.0,1.0,0.0,1.0,0.0,0.0,1.0,20.0,31.0,36.0,41.0,38.0,30.0,15.0,7.0,20.0,39.0
3675,0.0,0.0,1.0,0.0,1.0,0.0,1.0,2.0,11.0,39.0,55.0,63.0,27.0,35.0,19.0,18.0,13.0,37.0
3676,0.0,0.0,0.0,0.0,0.0,0.0,0.0,1.0,10.0,22.0,27.0,26.0,10.0,11.0,4.0,3.0,6.0,4.0
3677,0.0,0.0,1.0,0.0,0.0,0.0,2.0,7.0,72.0,253.0,308.0,310.0,184.0,149.0,121.0,76.0,117.0,245.0
3678,0.0,0.0,2.0,2.0,2.0,1.0,3.0,6.0,45.0,117.0,196.0,172.0,99.0,137.0,56.0,59.0,87.0,150.0
3682,0.0,0.0,1.0,1.0,0.0,0.0,0.0,1.0,6.0,5.0,23.0,18.0,8.0,14.0,10.0,4.0,4.0,9.0
3683,0.0,0.0,1.0,1.0,0.0,0.0,3.0,1.0,7.0,40.0,41.0,49.0,33.0,31.0,20.0,9.0,19.0,16.0
3685,0.0,0.0,0.0,0.0,0.0,0.0,5.0,3.0,15.0,58.0,109.0,90.0,36.0,31.0,31.0,27.0,23.0,53.0
3687,0.0,0.0,0.0,0.0,0.0,0.0,0.0,4.0,7.0,24.0,31.0,24.0,18.0,13.0,6.0,12.0,12.0,25.0
3688,0.0,0.0,0.0,2.0,0.0,0.0,4.0,2.0,5.0,32.0,52.0,33.0,21.0,22.0,6.0,12.0,17.0,22.0
3689,0.0,0.0,0.0,0.0,0.0,0.0,0.0,1.0,6.0,21.0,24.0,10.0,2.0,8.0,5.0,8.0,3.0,7.0
3690,0.0,0.0,0.0,1.0,0.0,0.0,14.0,19.0,86.0,395.0,461.0,393.0,277.0,268.0,232.0,164.0,265.0,475.0
3691,0.0,0.0,1.0,2.0,0.0,1.0,9.0,15.0,43.0,109.0,166.0,156.0,155.0,166.0,79.0,67.0,126.0,228.0
3693,0,0.0,0.0,0.0,0.0,0.0,0.0,0.0,0.0,0.0,0.0,0.0,0.0,0.0,0.0,0.0,0.0,0.0
3695,0.0,0.0,0.0,0.0,0.0,0.0,0.0,0.0,3.0,1.0,12.0,15.0,14.0,14.0,3.0,2.0,5.0,8.0
3697,0.0,0.0,0.0,0.0,0.0,0.0,2.0,0.0,1.0,12.0,22.0,16.0,16.0,7.0,5.0,4.0,6.0,16.0
3698,0.0,0.0,0.0,0.0,1.0,0.0,4.0,1.0,12.0,29.0,37.0,14.0,13.0,14.0,4.0,6.0,19.0,21.0
3699,0.0,0.0,0.0,0.0,0.0,0.0,0.0,0.0,4.0,14.0,26.0,10.0,8.0,10.0,6.0,6.0,11.0,16.0
3700,0.0,0.0,0.0,1.0,0.0,0.0,0.0,7.0,3.0,20.0,28.0,16.0,35.0,38.0,10.0,9.0,19.0,37.0
3701,0.0,0.0,0.0,1.0,0.0,0.0,0.0,2.0,2.0,14.0,22.0,20.0,37.0,43.0,7.0,19.0,13.0,31.0
3705,0.0,0.0,0.0,0.0,0.0,0.0,0.0,1.0,0.0,5.0,4.0,4.0,5.0,24.0,1.0,1.0,1.0,4.0
3707,0.0,0.0,1.0,0.0,0.0,2.0,1.0,9.0,17.0,22.0,27.0,26.0,29.0,122.0,22.0,7.0,21.0,31.0
3709,0.0,0.0,1.0,0.0,0.0,2.0,0.0,0.0,5.0,3.0,15.0,5.0,5.0,30.0,0.0,2.0,2.0,7.0
3711,0.0,0.0,0.0,0.0,1.0,2.0,0.0,0.0,5.0,5.0,21.0,6.0,14.0,13.0,3.0,8.0,14.0,16.0
3712,0.0,0.0,0.0,0.0,1.0,1.0,1.0,1.0,2.0,4.0,4.0,8.0,8.0,6.0,1.0,1.0,1.0,9.0
3713,0.0,0.0,0.0,2.0,4.0,5.0,7.0,2.0,21.0,13.0,12.0,20.0,16.0,29.0,11.0,9.0,13.0,15.0
3714,0.0,0.0,3.0,0.0,1.0,3.0,4.0,1.0,32.0,39.0,79.0,64.0,79.0,59.0,39.0,20.0,53.0,46.0
3715,0.0,0.0,0.0,0.0,2.0,1.0,0.0,0.0,2.0,6.0,5.0,5.0,4.0,3.0,4.0,5.0,3.0,8.0
3717,0.0,0.0,4.0,1.0,2.0,2.0,1.0,4.0,20.0,42.0,59.0,60.0,42.0,60.0,33.0,40.0,61.0,53.0
3719,0.0,0.0,2.0,0.0,1.0,0.0,0.0,0.0,7.0,5.0,13.0,14.0,6.0,6.0,13.0,4.0,5.0,7.0
3720,0.0,0.0,1.0,0.0,0.0,1.0,1.0,1.0,7.0,13.0,16.0,19.0,13.0,7.0,6.0,17.0,13.0,15.0
3722,0.0,0.0,1.0,1.0,0.0,1.0,0.0,3.0,16.0,75.0,87.0,97.0,65.0,51.0,57.0,70.0,76.0,122.0
3723,0.0,0.0,1.0,2.0,3.0,1.0,4.0,1.0,16.0,50.0,72.0,50.0,48.0,40.0,36.0,32.0,38.0,77.0
3724,0.0,0.0,0.0,0.0,0.0,0.0,0.0,0.0,0.0,1.0,5.0,2.0,1.0,1.0,2.0,0.0,4.0,1.0
3725,0.0,0.0,0.0,1.0,0.0,0.0,0.0,0.0,6.0,12.0,11.0,6.0,15.0,13.0,5.0,6.0,9.0,17.0
3726,0.0,0.0,0.0,0.0,0.0,0.0,0.0,1.0,4.0,7.0,12.0,19.0,3.0,10.0,4.0,6.0,8.0,7.0
3727,0.0,0.0,0.0,0.0,0.0,0.0,1.0,0.0,1.0,5.0,4.0,12.0,11.0,6.0,3.0,4.0,3.0,8.0
3728,0.0,0.0,0.0,0.0,0.0,1.0,0.0,1.0,3.0,12.0,23.0,13.0,13.0,12.0,5.0,7.0,5.0,12.0
3730,1.0,0.0,0.0,1.0,0.0,1.0,2.0,5.0,32.0,201.0,276.0,215.0,124.0,94.0,73.0,106.0,118.0,195.0
3732,0.0,0.0,0.0,0.0,0.0,0.0,1.0,0.0,8.0,12.0,16.0,16.0,19.0,7.0,2.0,4.0,4.0,14.0
3733,0.0,0.0,0.0,0.0,0.0,0.0,1.0,0.0,1.0,3.0,3.0,7.0,1.0,0.0,3.0,3.0,0.0,6.0
3735,0.0,0.0,1.0,0.0,0.0,0.0,0.0,1.0,5.0,3.0,11.0,6.0,8.0,21.0,3.0,3.0,6.0,9.0
3737,0.0,0.0,0.0,2.0,1.0,0.0,1.0,2.0,12.0,64.0,82.0,103.0,45.0,51.0,28.0,29.0,49.0,55.0
3740,1.0,0.0,0.0,1.0,0.0,1.0,0.0,1.0,8.0,11.0,24.0,37.0,14.0,10.0,17.0,16.0,15.0,16.0
3741,0.0,0.0,2.0,1.0,1.0,1.0,3.0,1.0,47.0,46.0,60.0,66.0,38.0,39.0,35.0,30.0,56.0,60.0
3744,0.0,0.0,0.0,0.0,0.0,1.0,0.0,0.0,4.0,8.0,14.0,7.0,9.0,6.0,10.0,4.0,5.0,4.0
3746,0.0,0.0,0.0,1.0,1.0,1.0,0.0,2.0,4.0,12.0,21.0,10.0,8.0,11.0,3.0,3.0,3.0,14.0
3747,0.0,0.0,3.0,1.0,1.0,3.0,9.0,5.0,37.0,89.0,160.0,91.0,89.0,71.0,36.0,40.0,65.0,91.0
3749,0.0,0.0,1.0,2.0,1.0,0.0,3.0,5.0,20.0,29.0,51.0,53.0,40.0,33.0,14.0,20.0,115.0,50.0
3750,0.0,0.0,0.0,0.0,0.0,0.0,0.0,0.0,2.0,2.0,40.0,56.0,56.0,101.0,123.0,71.0,147.0,313.0
3751,0.0,0.0,0.0,0.0,0.0,0.0,0.0,0.0,0.0,1.0,1.0,2.0,2.0,0.0,1.0,3.0,0.0,1.0
3752,0.0,0.0,0.0,1.0,0.0,0.0,1.0,6.0,72.0,150.0,255.0,170.0,183.0,163.0,119.0,96.0,157.0,220.0
3753,0.0,0.0,0.0,0.0,0.0,0.0,0.0,1.0,2.0,7.0,14.0,22.0,22.0,12.0,33.0,21.0,30.0,54.0
3754,0.0,0.0,0.0,0.0,0.0,1.0,1.0,7.0,72.0,204.0,316.0,260.0,311.0,303.0,288.0,247.0,277.0,566.0
3755,0.0,0.0,0.0,0.0,0.0,0.0,0.0,0.0,3.0,3.0,5.0,2.0,0.0,4.0,2.0,2.0,3.0,3.0
3756,0.0,0.0,1.0,0.0,0.0,0.0,1.0,6.0,44.0,119.0,186.0,134.0,128.0,118.0,108.0,96.0,111.0,138.0
3757,0.0,0.0,0.0,1.0,1.0,0.0,2.0,5.0,42.0,100.0,122.0,93.0,113.0,66.0,80.0,72.0,77.0,128.0
3758,0.0,0.0,1.0,0.0,0.0,0.0,0.0,0.0,11.0,36.0,37.0,37.0,28.0,23.0,17.0,18.0,24.0,30.0
3759,0.0,0.0,0.0,0.0,0.0,0.0,2.0,4.0,7.0,15.0,17.0,20.0,3.0,17.0,7.0,21.0,11.0,17.0
3760,0.0,0.0,1.0,0.0,0.0,0.0,0.0,3.0,6.0,9.0,7.0,6.0,4.0,6.0,1.0,0.0,4.0,3.0
3761,0.0,0.0,0.0,0.0,0.0,0.0,1.0,3.0,13.0,21.0,28.0,10.0,11.0,13.0,11.0,10.0,12.0,15.0
3763,0.0,0.0,1.0,0.0,1.0,0.0,5.0,4.0,15.0,20.0,30.0,30.0,16.0,28.0,18.0,18.0,18.0,31.0
3764,0.0,0.0,1.0,0.0,1.0,0.0,3.0,8.0,26.0,81.0,138.0,121.0,95.0,71.0,48.0,73.0,91.0,117.0
3765,0.0,0.0,0.0,0.0,0.0,0.0,2.0,4.0,34.0,58.0,56.0,49.0,43.0,53.0,35.0,29.0,32.0,61.0
3766,0.0,0.0,0.0,0.0,0.0,0.0,0.0,1.0,5.0,1.0,8.0,6.0,7.0,3.0,10.0,6.0,9.0,8.0
3767,0.0,0.0,0.0,0.0,1.0,0.0,0.0,0.0,4.0,4.0,4.0,3.0,6.0,3.0,6.0,2.0,6.0,4.0
3770,0.0,0.0,0.0,0.0,0.0,1.0,2.0,5.0,14.0,31.0,38.0,35.0,44.0,38.0,11.0,28.0,47.0,38.0
3775,0.0,0.0,1.0,0.0,0.0,0.0,5.0,6.0,27.0,51.0,55.0,36.0,33.0,43.0,37.0,34.0,50.0,52.0
3777,0.0,0.0,1.0,3.0,2.0,0.0,7.0,18.0,84.0,122.0,138.0,103.0,105.0,92.0,75.0,76.0,76.0,142.0
3778,0.0,0.0,0.0,0.0,0.0,0.0,0.0,0.0,1.0,2.0,3.0,7.0,3.0,2.0,1.0,4.0,2.0,5.0
3779,0.0,0.0,0.0,0.0,0.0,0.0,0.0,0.0,0.0,9.0,10.0,7.0,15.0,6.0,8.0,2.0,10.0,14.0
3781,0.0,0.0,0.0,0.0,0.0,0.0,0.0,2.0,19.0,36.0,47.0,27.0,29.0,26.0,17.0,15.0,21.0,51.0
3782,0.0,0.0,1.0,0.0,0.0,2.0,4.0,5.0,65.0,72.0,73.0,48.0,50.0,51.0,50.0,41.0,52.0,79.0
3783,0.0,1.0,1.0,2.0,0.0,0.0,0.0,2.0,16.0,28.0,30.0,24.0,20.0,26.0,22.0,15.0,16.0,24.0
3786,0.0,0.0,0.0,0.0,0.0,0.0,1.0,0.0,14.0,12.0,8.0,0.0,8.0,7.0,5.0,6.0,10.0,6.0
3787,0.0,0.0,0.0,0.0,0.0,0.0,0.0,0.0,3.0,4.0,5.0,2.0,0.0,5.0,3.0,5.0,2.0,10.0
3788,0.0,0.0,0.0,0.0,0.0,0.0,1.0,0.0,10.0,6.0,11.0,9.0,7.0,7.0,6.0,8.0,7.0,13.0
3789,0.0,0.0,0.0,0.0,0.0,0.0,1.0,0.0,2.0,0.0,0.0,1.0,2.0,1.0,1.0,0.0,4.0,0.0
3791,0.0,0.0,0.0,0.0,0.0,0.0,1.0,1.0,7.0,8.0,4.0,5.0,7.0,5.0,4.0,3.0,8.0,17.0
3792,0.0,0.0,0.0,0.0,0.0,0.0,3.0,2.0,9.0,11.0,7.0,5.0,7.0,3.0,2.0,4.0,5.0,12.0
3793,0.0,0.0,0.0,0.0,0.0,1.0,2.0,4.0,21.0,30.0,36.0,31.0,22.0,34.0,27.0,21.0,19.0,35.0
3795,0.0,0.0,0.0,0.0,0.0,0.0,1.0,2.0,8.0,17.0,18.0,16.0,17.0,18.0,12.0,20.0,9.0,20.0
3796,0.0,0.0,0.0,0.0,0.0,0.0,1.0,4.0,62.0,85.0,72.0,66.0,60.0,62.0,59.0,43.0,61.0,75.0
3797,0.0,0.0,1.0,0.0,1.0,0.0,0.0,3.0,23.0,26.0,56.0,38.0,46.0,33.0,26.0,33.0,37.0,43.0
3799,0.0,0.0,1.0,1.0,0.0,0.0,0.0,4.0,45.0,48.0,80.0,57.0,51.0,41.0,44.0,44.0,55.0,71.0
3802,0.0,0.0,0.0,0.0,0.0,0.0,3.0,10.0,111.0,306.0,268.0,207.0,184.0,146.0,135.0,93.0,114.0,262.0
3803,0.0,0.0,0.0,0.0,0.0,0.0,1.0,7.0,51.0,100.0,142.0,106.0,92.0,82.0,61.0,47.0,80.0,149.0
3804,0.0,0.0,0.0,1.0,0.0,0.0,1.0,2.0,35.0,84.0,103.0,80.0,78.0,83.0,62.0,50.0,86.0,108.0
3805,0.0,0.0,0.0,0.0,2.0,0.0,0.0,26.0,239.0,689.0,803.0,503.0,464.0,437.0,321.0,278.0,330.0,576.0
3806,0.0,0.0,0.0,1.0,1.0,1.0,8.0,28.0,213.0,543.0,588.0,365.0,322.0,343.0,255.0,197.0,291.0,533.0
3807,0.0,0.0,1.0,0.0,0.0,0.0,0.0,4.0,25.0,92.0,94.0,79.0,50.0,41.0,38.0,33.0,69.0,76.0
3808,0.0,0.0,1.0,0.0,0.0,0.0,3.0,2.0,17.0,42.0,51.0,30.0,20.0,23.0,18.0,15.0,26.0,37.0
3809,0.0,0.0,0.0,0.0,0.0,0.0,1.0,2.0,6.0,11.0,32.0,28.0,41.0,79.0,63.0,67.0,128.0,325.0
3810,0.0,0.0,2.0,0.0,0.0,3.0,1.0,9.0,186.0,362.0,547.0,384.0,380.0,417.0,369.0,288.0,375.0,584.0
3812,0.0,0.0,0.0,0.0,0.0,1.0,1.0,2.0,6.0,48.0,37.0,15.0,25.0,26.0,14.0,8.0,17.0,29.0
3813,0.0,0.0,0.0,0.0,0.0,0.0,0.0,1.0,10.0,6.0,13.0,6.0,8.0,9.0,3.0,7.0,16.0,13.0
3814,0.0,0.0,0.0,0.0,0.0,0.0,2.0,0.0,13.0,25.0,31.0,21.0,29.0,20.0,15.0,12.0,20.0,37.0
3815,0.0,0.0,0.0,0.0,0.0,0.0,0.0,1.0,10.0,60.0,38.0,35.0,28.0,32.0,25.0,10.0,28.0,27.0
3816,0.0,0.0,0.0,0.0,0.0,1.0,0.0,1.0,15.0,28.0,43.0,37.0,41.0,21.0,32.0,20.0,37.0,43.0
3818,0.0,0.0,0.0,0.0,3.0,2.0,31.0,10.0,66.0,279.0,229.0,154.0,150.0,123.0,114.0,125.0,178.0,241.0
3820,0.0,0.0,1.0,0.0,4.0,2.0,11.0,8.0,64.0,252.0,190.0,174.0,133.0,120.0,106.0,128.0,163.0,218.0
3821,0.0,0.0,0.0,0.0,1.0,1.0,7.0,2.0,14.0,58.0,53.0,43.0,49.0,31.0,24.0,19.0,24.0,51.0
3822,0.0,0.0,1.0,0.0,0.0,0.0,2.0,0.0,7.0,22.0,21.0,14.0,14.0,7.0,5.0,1.0,4.0,12.0
3823,0.0,0.0,2.0,0.0,0.0,0.0,5.0,2.0,12.0,41.0,47.0,32.0,24.0,25.0,11.0,20.0,25.0,25.0
3824,0.0,0.0,1.0,0.0,0.0,2.0,1.0,1.0,24.0,55.0,81.0,69.0,61.0,41.0,31.0,34.0,57.0,60.0
3825,0.0,0.0,0.0,2.0,0.0,1.0,8.0,7.0,103.0,318.0,389.0,273.0,230.0,164.0,121.0,116.0,160.0,222.0
3831,0.0,0.0,0.0,1.0,1.0,1.0,0.0,0.0,14.0,37.0,38.0,30.0,23.0,30.0,21.0,18.0,32.0,36.0
3833,0.0,0.0,1.0,1.0,2.0,0.0,1.0,0.0,1.0,4.0,7.0,10.0,3.0,6.0,1.0,2.0,4.0,4.0
3835,0.0,0.0,0.0,0.0,0.0,0.0,0.0,0.0,0.0,5.0,6.0,6.0,8.0,8.0,6.0,4.0,3.0,4.0
3840,0.0,0.0,0.0,0.0,0.0,0.0,2.0,5.0,56.0,183.0,221.0,242.0,129.0,119.0,68.0,107.0,146.0,143.0
3842,0.0,0.0,0.0,1.0,0.0,0.0,0.0,1.0,12.0,53.0,61.0,86.0,45.0,37.0,22.0,17.0,37.0,51.0
3844,0.0,0.0,0.0,1.0,0.0,1.0,5.0,11.0,69.0,391.0,394.0,335.0,187.0,189.0,148.0,180.0,226.0,300.0
3847,0.0,0.0,0.0,0.0,0.0,1.0,0.0,0.0,10.0,42.0,38.0,33.0,27.0,18.0,17.0,10.0,40.0,40.0
3850,0.0,0.0,0.0,0.0,0.0,0.0,1.0,5.0,30.0,209.0,260.0,155.0,74.0,102.0,63.0,84.0,114.0,130.0
3851,0.0,0.0,0.0,0.0,2.0,2.0,1.0,4.0,90.0,123.0,178.0,132.0,102.0,83.0,56.0,48.0,91.0,113.0
3854,0.0,0.0,0.0,0.0,0.0,0.0,0.0,3.0,4.0,23.0,18.0,21.0,17.0,11.0,13.0,16.0,11.0,13.0
3856,0.0,0.0,0.0,0.0,0.0,0.0,2.0,1.0,6.0,24.0,19.0,20.0,18.0,10.0,22.0,17.0,12.0,8.0
3857,0.0,0.0,0.0,0.0,0.0,0.0,0.0,1.0,9.0,13.0,10.0,6.0,4.0,4.0,2.0,3.0,3.0,5.0
3858,0.0,0.0,0.0,2.0,1.0,1.0,5.0,4.0,39.0,94.0,48.0,28.0,44.0,24.0,22.0,21.0,40.0,49.0
3859,0.0,0.0,1.0,3.0,0.0,0.0,1.0,1.0,4.0,14.0,14.0,12.0,14.0,9.0,12.0,13.0,12.0,13.0
3860,0.0,0.0,0.0,0.0,1.0,1.0,2.0,1.0,38.0,168.0,134.0,127.0,61.0,45.0,57.0,47.0,76.0,82.0
3862,0.0,0.0,1.0,0.0,0.0,1.0,1.0,3.0,8.0,61.0,67.0,67.0,36.0,51.0,33.0,45.0,42.0,44.0
3865,0.0,0.0,0.0,0.0,0.0,0.0,0.0,0.0,4.0,14.0,9.0,7.0,13.0,7.0,3.0,2.0,14.0,10.0
3869,0.0,0.0,0.0,0.0,0.0,0.0,1.0,1.0,4.0,33.0,35.0,39.0,23.0,13.0,12.0,16.0,23.0,24.0
3870,0.0,0.0,0.0,0.0,2.0,0.0,0.0,7.0,44.0,37.0,30.0,19.0,20.0,17.0,7.0,12.0,7.0,14.0
3871,0.0,0.0,1.0,0.0,2.0,2.0,1.0,2.0,22.0,64.0,61.0,50.0,41.0,34.0,14.0,22.0,41.0,28.0
3873,0.0,0.0,0.0,0.0,0.0,0.0,0.0,0.0,3.0,4.0,6.0,9.0,8.0,4.0,7.0,3.0,4.0,5.0
3874,0.0,0.0,0.0,0.0,0.0,0.0,1.0,3.0,6.0,17.0,20.0,16.0,9.0,10.0,5.0,5.0,11.0,19.0
3875,0.0,0.0,0.0,0.0,0.0,1.0,6.0,7.0,88.0,283.0,308.0,265.0,230.0,226.0,84.0,158.0,185.0,262.0
3878,0.0,0.0,0.0,0.0,0.0,0.0,2.0,0.0,7.0,22.0,31.0,24.0,30.0,9.0,7.0,15.0,12.0,26.0
3880,0.0,0.0,0.0,1.0,2.0,0.0,1.0,3.0,18.0,78.0,79.0,91.0,62.0,41.0,26.0,47.0,53.0,65.0
3882,0.0,0.0,0.0,0.0,0.0,0.0,2.0,1.0,13.0,16.0,28.0,17.0,11.0,22.0,13.0,16.0,13.0,24.0
3885,0.0,0.0,0.0,2.0,0.0,2.0,1.0,7.0,21.0,40.0,37.0,24.0,31.0,37.0,29.0,33.0,12.0,27.0
3886,0.0,0.0,0.0,0.0,0.0,0.0,1.0,0.0,1.0,6.0,4.0,11.0,5.0,3.0,2.0,5.0,10.0,4.0
3887,0.0,0.0,0.0,0.0,0.0,0.0,0.0,0.0,1.0,11.0,5.0,4.0,7.0,5.0,1.0,7.0,2.0,5.0
3888,0.0,0.0,0.0,0.0,1.0,0.0,4.0,4.0,12.0,55.0,61.0,71.0,43.0,48.0,44.0,20.0,58.0,57.0
3890,0.0,0.0,1.0,0.0,1.0,0.0,0.0,1.0,1.0,3.0,4.0,3.0,7.0,3.0,5.0,11.0,3.0,3.0
3892,0.0,0.0,0.0,0.0,0.0,0.0,3.0,42.0,21.0,59.0,13.0,8.0,28.0,7.0,6.0,3.0,14.0,23.0
3895,0.0,0.0,0.0,1.0,0.0,0.0,0.0,0.0,0.0,0.0,2.0,2.0,3.0,6.0,1.0,3.0,1.0,4.0
3896,0.0,0.0,0.0,0.0,0.0,0.0,0.0,0.0,2.0,5.0,1.0,2.0,8.0,8.0,3.0,8.0,5.0,7.0
3898,0.0,0.0,1.0,6.0,2.0,0.0,2.0,1.0,3.0,4.0,11.0,10.0,6.0,7.0,7.0,10.0,17.0,16.0
3900,0.0,0.0,1.0,2.0,0.0,0.0,0.0,0.0,0.0,1.0,3.0,2.0,2.0,3.0,2.0,4.0,0.0,3.0
3902,0.0,0.0,0.0,0.0,0.0,0.0,0.0,1.0,1.0,6.0,8.0,6.0,5.0,3.0,4.0,1.0,3.0,14.0
3903,0.0,0.0,0.0,0.0,0.0,0.0,0.0,0.0,3.0,12.0,24.0,21.0,14.0,9.0,4.0,8.0,6.0,11.0
3904,0.0,0.0,0.0,2.0,1.0,0.0,1.0,1.0,10.0,34.0,32.0,26.0,37.0,21.0,19.0,30.0,27.0,24.0
3909,0.0,0.0,0.0,0.0,0.0,0.0,0.0,4.0,32.0,134.0,200.0,177.0,121.0,110.0,75.0,51.0,72.0,110.0
3910,0.0,0.0,1.0,1.0,1.0,0.0,1.0,15.0,135.0,264.0,292.0,158.0,194.0,165.0,97.0,102.0,132.0,247.0
3911,0.0,0.0,0.0,1.0,0.0,1.0,1.0,3.0,11.0,29.0,41.0,34.0,42.0,27.0,30.0,27.0,35.0,53.0
3912,0.0,0.0,1.0,0.0,0.0,1.0,1.0,9.0,219.0,164.0,193.0,129.0,104.0,155.0,48.0,82.0,120.0,144.0
3913,0.0,0.0,1.0,0.0,0.0,0.0,1.0,4.0,13.0,55.0,51.0,36.0,38.0,24.0,23.0,24.0,19.0,37.0
3915,0.0,0.0,0.0,0.0,0.0,1.0,1.0,4.0,41.0,103.0,102.0,82.0,71.0,70.0,60.0,63.0,92.0,121.0
3916,0.0,0.0,0.0,0.0,0.0,3.0,5.0,2.0,12.0,14.0,21.0,11.0,17.0,22.0,10.0,12.0,18.0,17.0
3918,0.0,0.0,0.0,0.0,0.0,0.0,4.0,9.0,34.0,61.0,68.0,45.0,35.0,34.0,33.0,26.0,34.0,73.0
3919,0.0,0.0,0.0,0.0,0.0,0.0,2.0,5.0,21.0,33.0,27.0,35.0,28.0,41.0,15.0,16.0,26.0,37.0
3920,0,0.0,0.0,0.0,0.0,0.0,0.0,0.0,0.0,0.0,0.0,0.0,0.0,0.0,0.0,0.0,0.0,0.0
3922,0.0,0.0,1.0,0.0,0.0,0.0,2.0,5.0,47.0,131.0,134.0,138.0,140.0,103.0,66.0,106.0,157.0,216.0
3923,0.0,0.0,0.0,0.0,0.0,0.0,1.0,1.0,2.0,26.0,15.0,17.0,10.0,5.0,8.0,9.0,15.0,20.0
3925,0.0,0.0,0.0,0.0,0.0,0.0,1.0,1.0,22.0,62.0,69.0,50.0,44.0,38.0,29.0,44.0,64.0,89.0
3926,0.0,0.0,0.0,1.0,0.0,1.0,4.0,4.0,26.0,59.0,58.0,53.0,30.0,40.0,27.0,41.0,35.0,55.0
3927,0.0,0.0,0.0,0.0,1.0,1.0,3.0,5.0,21.0,23.0,23.0,13.0,19.0,28.0,22.0,13.0,25.0,39.0
3928,0.0,0.0,1.0,0.0,0.0,0.0,1.0,0.0,7.0,5.0,5.0,9.0,9.0,4.0,5.0,10.0,13.0,6.0
3929,1.0,0.0,1.0,0.0,2.0,0.0,0.0,0.0,12.0,23.0,12.0,18.0,17.0,28.0,17.0,10.0,16.0,30.0
3930,0.0,0.0,0.0,1.0,0.0,2.0,6.0,17.0,108.0,174.0,115.0,110.0,95.0,110.0,88.0,103.0,148.0,215.0
3931,0.0,0.0,2.0,2.0,1.0,1.0,10.0,30.0,242.0,312.0,275.0,172.0,170.0,164.0,118.0,107.0,150.0,213.0
3933,0.0,0.0,0.0,0.0,0.0,1.0,1.0,3.0,4.0,10.0,13.0,16.0,13.0,12.0,8.0,10.0,8.0,19.0
3934,0.0,0.0,0.0,2.0,2.0,2.0,7.0,30.0,141.0,207.0,209.0,163.0,129.0,156.0,91.0,109.0,139.0,211.0
3936,0.0,0.0,0.0,1.0,0.0,1.0,3.0,18.0,76.0,123.0,146.0,111.0,74.0,113.0,72.0,88.0,76.0,134.0
3937,0.0,0.0,0.0,0.0,0.0,0.0,3.0,3.0,13.0,23.0,27.0,21.0,17.0,18.0,10.0,20.0,20.0,18.0
3938,0.0,0.0,1.0,2.0,0.0,1.0,2.0,8.0,20.0,44.0,34.0,39.0,30.0,29.0,29.0,27.0,37.0,35.0
3939,0.0,1.0,0.0,0.0,1.0,0.0,5.0,30.0,134.0,193.0,192.0,173.0,132.0,135.0,93.0,116.0,113.0,166.0
3940,0.0,0.0,0.0,0.0,0.0,0.0,1.0,4.0,15.0,37.0,61.0,51.0,29.0,30.0,16.0,20.0,25.0,33.0
3941,0.0,0.0,0.0,1.0,2.0,1.0,4.0,20.0,80.0,164.0,164.0,136.0,89.0,128.0,72.0,97.0,114.0,184.0
3942,0.0,0.0,0.0,0.0,0.0,0.0,0.0,2.0,17.0,49.0,28.0,31.0,31.0,27.0,24.0,23.0,29.0,40.0
3943,0.0,0.0,0.0,0.0,1.0,0.0,6.0,3.0,16.0,47.0,22.0,21.0,25.0,28.0,14.0,24.0,37.0,46.0
3944,0.0,0.0,0.0,0.0,0.0,0.0,1.0,1.0,7.0,12.0,17.0,9.0,8.0,10.0,9.0,12.0,13.0,12.0
3945,0.0,0.0,0.0,0.0,0.0,1.0,0.0,0.0,11.0,15.0,23.0,23.0,13.0,15.0,17.0,14.0,13.0,39.0
3946,0.0,0.0,0.0,0.0,0.0,0.0,0.0,1.0,5.0,5.0,3.0,5.0,4.0,1.0,0.0,2.0,6.0,6.0
3950,0.0,0.0,0.0,0.0,0.0,0.0,4.0,1.0,15.0,75.0,99.0,58.0,41.0,51.0,49.0,52.0,73.0,62.0
3951,0.0,0.0,0.0,0.0,0.0,1.0,0.0,2.0,7.0,16.0,19.0,18.0,16.0,10.0,7.0,8.0,15.0,34.0
3953,0.0,0.0,2.0,3.0,0.0,2.0,4.0,5.0,32.0,138.0,162.0,114.0,62.0,57.0,47.0,67.0,108.0,115.0
3954,0.0,0.0,0.0,1.0,0.0,0.0,0.0,0.0,3.0,13.0,8.0,6.0,8.0,5.0,2.0,1.0,10.0,2.0
3956,0.0,0.0,1.0,1.0,2.0,1.0,1.0,3.0,30.0,75.0,83.0,86.0,55.0,54.0,31.0,43.0,57.0,67.0
3957,0.0,0.0,0.0,0.0,0.0,0.0,0.0,0.0,0.0,5.0,8.0,2.0,6.0,7.0,3.0,2.0,5.0,2.0
3958,0.0,0.0,0.0,0.0,0.0,0.0,0.0,0.0,3.0,3.0,4.0,2.0,1.0,1.0,0.0,3.0,6.0,5.0
3959,0.0,0.0,0.0,0.0,0.0,0.0,1.0,5.0,27.0,70.0,38.0,29.0,23.0,30.0,11.0,10.0,29.0,26.0
3960,0.0,0.0,1.0,2.0,0.0,3.0,3.0,1.0,22.0,97.0,69.0,48.0,43.0,52.0,37.0,35.0,34.0,31.0
3962,0.0,0.0,0.0,0.0,0.0,0.0,2.0,1.0,9.0,28.0,31.0,22.0,19.0,17.0,12.0,7.0,15.0,14.0
3966,0.0,0.0,0.0,0.0,0.0,0.0,0.0,1.0,1.0,8.0,9.0,11.0,10.0,4.0,6.0,3.0,11.0,11.0
3971,0.0,0.0,0.0,0.0,0.0,2.0,5.0,3.0,13.0,75.0,119.0,79.0,59.0,47.0,27.0,30.0,40.0,58.0
3975,0.0,0.0,0.0,0.0,0.0,0.0,1.0,2.0,71.0,205.0,243.0,183.0,165.0,165.0,144.0,94.0,120.0,289.0
3976,0.0,0.0,0.0,0.0,0.0,0.0,3.0,10.0,118.0,238.0,335.0,244.0,220.0,192.0,137.0,102.0,124.0,255.0
3977,0.0,1.0,0.0,1.0,0.0,3.0,2.0,24.0,316.0,918.0,1177.0,760.0,739.0,950.0,847.0,780.0,913.0,1635.0
3978,0.0,0.0,0.0,0.0,0.0,0.0,0.0,0.0,4.0,11.0,23.0,36.0,66.0,102.0,165.0,216.0,338.0,1043.0
3979,0.0,0.0,0.0,0.0,0.0,0.0,0.0,0.0,1.0,3.0,8.0,7.0,4.0,7.0,5.0,5.0,4.0,5.0
3980,0.0,0.0,0.0,1.0,0.0,0.0,1.0,2.0,17.0,40.0,50.0,47.0,32.0,59.0,40.0,33.0,39.0,59.0
3981,0.0,0.0,0.0,0.0,1.0,0.0,1.0,1.0,19.0,63.0,92.0,40.0,52.0,35.0,43.0,43.0,63.0,76.0
3984,0.0,0.0,0.0,1.0,0.0,0.0,0.0,8.0,33.0,75.0,84.0,98.0,92.0,101.0,69.0,71.0,88.0,100.0
3987,0.0,0.0,0.0,0.0,0.0,0.0,1.0,2.0,15.0,36.0,19.0,22.0,22.0,17.0,12.0,23.0,21.0,26.0
3988,0.0,0.0,0.0,0.0,1.0,0.0,0.0,0.0,9.0,23.0,16.0,13.0,15.0,23.0,12.0,6.0,17.0,25.0
3990,0.0,0.0,0.0,0.0,0.0,0.0,0.0,0.0,0.0,4.0,4.0,3.0,1.0,5.0,4.0,0.0,3.0,1.0
3991,0.0,0.0,1.0,0.0,0.0,0.0,0.0,1.0,0.0,8.0,10.0,9.0,12.0,4.0,13.0,6.0,8.0,10.0
3992,0.0,0.0,0.0,0.0,0.0,0.0,1.0,1.0,3.0,17.0,19.0,20.0,19.0,8.0,7.0,10.0,22.0,16.0
3995,0.0,0.0,0.0,0.0,0.0,0.0,1.0,5.0,49.0,156.0,205.0,182.0,117.0,97.0,113.0,109.0,156.0,193.0
3996,0.0,0.0,0.0,2.0,0.0,1.0,3.0,1.0,48.0,118.0,148.0,89.0,87.0,62.0,60.0,69.0,92.0,138.0
3010,0,0.0,0.0,0.0,0.0,0.0,0.0,0.0,0.0,0.0,0.0,0.0,0.0,0.0,0.0,0.0,0.0,0.0
3157,0,0.0,0.0,0.0,0.0,0.0,0.0,0.0,0.0,0.0,0.0,0.0,0.0,0.0,0.0,0.0,0.0,0.0
3273,0.0,0.0,0.0,0.0,0.0,0.0,0.0,0.0,0.0,0.0,2.0,0.0,1.0,1.0,1.0,2.0,3.0,1.0
3278,0.0,0.0,0.0,0.0,0.0,0.0,0.0,0.0,0.0,2.0,2.0,1.0,2.0,5.0,2.0,2.0,5.0,11.0
3291,0,0.0,0.0,0.0,0.0,0.0,0.0,0.0,0.0,0.0,0.0,0.0,0.0,0.0,0.0,0.0,0.0,0.0
3309,0.0,0.0,0.0,0.0,0.0,0.0,0.0,0.0,0.0,2.0,1.0,0.0,0.0,2.0,0.0,1.0,1.0,4.0
3323,0.0,0.0,0.0,0.0,0.0,0.0,0.0,0.0,0.0,0.0,1.0,1.0,0.0,0.0,0.0,0.0,0.0,1.0
3432,0.0,0.0,0.0,0.0,0.0,0.0,0.0,1.0,5.0,2.0,2.0,3.0,4.0,2.0,2.0,1.0,3.0,4.0
3487,0.0,0.0,0.0,0.0,0.0,0.0,0.0,1.0,0.0,3.0,1.0,2.0,3.0,1.0,1.0,1.0,0.0,2.0
3488,0.0,0.0,0.0,0.0,0.0,0.0,0.0,2.0,0.0,2.0,3.0,2.0,0.0,0.0,0.0,1.0,5.0,2.0
3530,0.0,0.0,1.0,0.0,0.0,0.0,0.0,0.0,0.0,3.0,3.0,0.0,0.0,0.0,0.0,2.0,6.0,2.0
3617,0.0,0.0,0.0,0.0,0.0,0.0,0.0,2.0,1.0,3.0,1.0,2.0,3.0,2.0,3.0,0.0,2.0,3.0
3663,0.0,0.0,0.0,0.0,0.0,0.0,1.0,1.0,1.0,4.0,3.0,4.0,2.0,5.0,12.0,2.0,9.0,4.0
3718,0.0,0.0,0.0,0.0,0.0,0.0,0.0,0.0,0.0,1.0,0.0,3.0,2.0,2.0,1.0,2.0,3.0,3.0
3841,0,0.0,0.0,0.0,0.0,0.0,0.0,0.0,0.0,0.0,0.0,0.0,0.0,0.0,0.0,0.0,0.0,0.0
3852,0.0,0.0,0.0,0.0,0.0,0.0,0.0,0.0,0.0,0.0,0.0,0.0,0.0,1.0,0.0,0.0,2.0,0.0
3889,0.0,0.0,0.0,0.0,0.0,0.0,0.0,0.0,1.0,5.0,2.0,3.0,0.0,1.0,8.0,0.0,0.0,5.0
3891,0.0,0.0,1.0,0.0,0.0,1.0,1.0,6.0,3.0,3.0,1.0,2.0,9.0,2.0,0.0,2.0,0.0,2.0
3967,0.0,0.0,0.0,1.0,0.0,0.0,0.0,1.0,1.0,5.0,2.0,0.0,3.0,2.0,2.0,2.0,2.0,3.0
3050,0,0.0,0.0,0.0,0.0,0.0,0.0,0.0,0.0,0.0,0.0,0.0,0.0,0.0,0.0,0.0,0.0,0.0
3378,0.0,0.0,0.0,0.0,0.0,0.0,0.0,0.0,0.0,1.0,1.0,0.0,0.0,2.0,2.0,0.0,4.0,1.0
3413,0.0,0.0,0.0,0.0,0.0,0.0,1.0,0.0,0.0,3.0,3.0,2.0,3.0,2.0,0.0,0.0,1.0,3.0
3420,0.0,0.0,0.0,0.0,0.0,0.0,0.0,0.0,1.0,9.0,3.0,2.0,6.0,1.0,0.0,2.0,4.0,3.0
3529,0.0,0.0,0.0,0.0,0.0,0.0,0.0,0.0,0.0,1.0,0.0,2.0,1.0,1.0,1.0,0.0,6.0,1.0
3583,0.0,0.0,0.0,0.0,0.0,0.0,0.0,0.0,0.0,1.0,4.0,3.0,1.0,1.0,8.0,3.0,1.0,4.0
3591,0.0,0.0,0.0,0.0,0.0,0.0,0.0,0.0,1.0,2.0,2.0,3.0,1.0,0.0,0.0,0.0,6.0,8.0
3596,0.0,0.0,0.0,0.0,0.0,0.0,0.0,0.0,0.0,0.0,1.0,1.0,2.0,2.0,0.0,1.0,1.0,0.0
3599,0.0,0.0,0.0,0.0,0.0,0.0,0.0,0.0,0.0,6.0,3.0,2.0,2.0,5.0,0.0,0.0,1.0,2.0
3694,0.0,0.0,0.0,0.0,0.0,0.0,0.0,0.0,1.0,3.0,9.0,2.0,0.0,0.0,0.0,0.0,0.0,0.0
3738,0.0,0.0,1.0,0.0,0.0,0.0,0.0,0.0,0.0,2.0,4.0,6.0,7.0,2.0,2.0,2.0,1.0,2.0
3762,0.0,0.0,0.0,0.0,0.0,0.0,0.0,0.0,1.0,2.0,3.0,1.0,2.0,2.0,1.0,3.0,1.0,0.0
3800,0,0.0,0.0,0.0,0.0,0.0,0.0,0.0,0.0,0.0,0.0,0.0,0.0,0.0,0.0,0.0,0.0,0.0
3964,0.0,0.0,0.0,0.0,0.0,0.0,0.0,0.0,1.0,4.0,7.0,0.0,2.0,6.0,1.0,2.0,1.0,3.0
3965,0.0,0.0,0.0,0.0,0.0,0.0,1.0,0.0,2.0,9.0,6.0,6.0,4.0,2.0,4.0,3.0,6.0,3.0
3217,0.0,0.0,0.0,0.0,0.0,0.0,0.0,0.0,0.0,0.0,4.0,17.0,33.0,48.0,62.0,57.0,78.0,162.0
3785,0,0.0,0.0,0.0,0.0,0.0,0.0,0.0,0.0,0.0,0.0,0.0,0.0,0.0,0.0,0.0,0.0,0.0
3739,0.0,0.0,0.0,0.0,0.0,0.0,0.0,0.0,2.0,3.0,3.0,5.0,8.0,5.0,1.0,0.0,3.0,2.0
3477,0.0,0.0,0.0,0.0,0.0,0.0,0.0,0.0,12.0,26.0,16.0,18.0,6.0,5.0,9.0,7.0,10.0,13.0
3832,0.0,0.0,0.0,0.0,0.0,0.0,0.0,0.0,3.0,5.0,5.0,4.0,5.0,1.0,5.0,4.0,1.0,7.0
3374,0.0,0.0,0.0,0.0,0.0,0.0,0.0,1.0,1.0,4.0,4.0,17.0,11.0,6.0,4.0,2.0,5.0,10.0
3045,0.0,0.0,0.0,0.0,0.0,0.0,0.0,0.0,1.0,1.0,0.0,0.0,0.0,1.0,1.0,0.0,0.0,0.0
3213,0.0,0.0,0.0,0.0,0.0,0.0,0.0,0.0,0.0,0.0,9.0,52.0,42.0,45.0,31.0,38.0,31.0,52.0
3234,0.0,0.0,0.0,0.0,0.0,0.0,0.0,0.0,0.0,0.0,0.0,2.0,0.0,3.0,2.0,3.0,3.0,11.0
3415,0.0,0.0,0.0,0.0,0.0,0.0,0.0,0.0,0.0,0.0,0.0,0.0,0.0,0.0,0.0,0.0,1.0,0.0
3489,0.0,0.0,0.0,0.0,0.0,0.0,0.0,1.0,0.0,1.0,1.0,0.0,1.0,0.0,0.0,1.0,1.0,0.0
3506,0.0,0.0,0.0,0.0,0.0,0.0,0.0,0.0,0.0,0.0,0.0,0.0,0.0,0.0,1.0,0.0,1.0,0.0
3565,0.0,0.0,0.0,0.0,0.0,0.0,0.0,0.0,1.0,0.0,1.0,4.0,3.0,0.0,0.0,0.0,0.0,2.0
3576,0.0,0.0,0.0,0.0,0.0,0.0,0.0,0.0,0.0,0.0,0.0,3.0,1.0,0.0,1.0,0.0,0.0,1.0
3607,0.0,0.0,0.0,0.0,0.0,0.0,0.0,0.0,1.0,1.0,5.0,1.0,1.0,2.0,4.0,3.0,2.0,1.0
3704,0.0,0.0,0.0,0.0,0.0,1.0,0.0,0.0,0.0,0.0,0.0,2.0,0.0,2.0,0.0,0.0,0.0,0.0
3708,0.0,0.0,1.0,0.0,0.0,0.0,0.0,0.0,0.0,0.0,2.0,1.0,2.0,3.0,0.0,0.0,1.0,2.0
3864,0.0,0.0,0.0,0.0,0.0,0.0,0.0,0.0,1.0,8.0,4.0,2.0,5.0,4.0,3.0,3.0,5.0,1.0
3893,0.0,0.0,0.0,0.0,0.0,0.0,0.0,0.0,0.0,0.0,0.0,0.0,0.0,0.0,2.0,0.0,1.0,1.0
3921,3.0,1.0,0.0,4.0,1.0,1.0,2.0,0.0,1.0,10.0,5.0,2.0,4.0,3.0,7.0,4.0,6.0,1.0
3671,0.0,0.0,0.0,0.0,0.0,0.0,0.0,0.0,1.0,2.0,20.0,9.0,10.0,4.0,2.0,4.0,4.0,3.0
3853,0.0,0.0,0.0,0.0,0.0,0.0,0.0,0.0,0.0,2.0,2.0,1.0,0.0,2.0,1.0,1.0,0.0,0.0
3336,0.0,0.0,0.0,0.0,0.0,0.0,0.0,0.0,0.0,0.0,0.0,0.0,0.0,0.0,0.0,0.0,42.0,146.0
3358,0.0,0.0,0.0,0.0,0.0,0.0,0.0,0.0,0.0,0.0,0.0,0.0,0.0,0.0,0.0,0.0,5.0,19.0
