region_id,2001,2002,2003,2004,2005,2006,2007,2008,2009,2010,2011,2012,2013,2014,2015,2016,2017,2018,2019
3000,5537,6297,7057,7818,8578,9338,10098,10858,11619,12379,13139,15023,16907,18790,20674,22558,24442,26326,28209
3002,2767,2778,2789,2799,2810,2821,2832,2843,2853,2864,2875,2884,2893,2901,2910,2919,2928,2937,2945
3003,854,945,1036,1126,1217,1308,1399,1490,1580,1671,1762,1941,2120,2300,2479,2658,2837,3016,3196
3004,2406,2653,2901,3148,3396,3643,3890,4138,4385,4633,4880,5065,5250,5435,5620,5805,5990,6175,6360
3005,173,197,221,245,269,293,317,341,365,389,413,387,360,334,307,281,255,228,202
3006,4651,4895,5139,5384,5628,5872,6116,6360,6605,6849,7093,7992,8890,9789,10687,11586,12485,13383,14282
3008,1560,1760,1961,2161,2362,2562,2762,2963,3163,3364,3564,4090,4616,5141,5667,6193,6719,7245,7770
3010,22,22,23,23,24,24,24,25,25,26,26,21,17,12,8,3,0,0,0
3011,6329,6533,6738,6942,7147,7351,7555,7760,7964,8169,8373,8711,9048,9386,9723,10061,10399,10736,11074
3012,8281,8469,8657,8844,9032,9220,9408,9596,9783,9971,10159,10400,10640,10881,11121,11362,11603,11843,12084
3013,5462,5523,5584,5644,5705,5766,5827,5888,5948,6009,6070,6134,6197,6261,6324,6388,6452,6515,6579
3015,6340,6414,6488,6562,6636,6710,6784,6858,6932,7006,7080,7132,7184,7237,7289,7341,7393,7445,7498
3016,6036,6067,6097,6128,6158,6189,6220,6250,6281,6311,6342,6398,6454,6509,6565,6621,6677,6733,6788
3018,5081,5127,5173,5218,5264,5310,5356,5402,5447,5493,5539,5622,5705,5787,5870,5953,6036,6119,6201
3019,2382,2453,2523,2594,2664,2735,2806,2876,2947,3017,3088,3160,3231,3303,3374,3446,3518,3589,3661
3020,13900,14040,14180,14319,14459,14599,14739,14879,15018,15158,15298,15584,15870,16155,16441,16727,17013,17299,17584
3021,18055,18141,18228,18314,18401,18487,18573,18660,18746,18833,18919,19076,19232,19389,19545,19702,19859,20015,20172
3022,1053,1066,1078,1091,1103,1116,1129,1141,1154,1166,1179,1194,1209,1224,1239,1254,1269,1284,1299
3023,6239,7489,8739,9990,11240,12490,13740,14990,16241,17491,18741,19109,19477,19846,20214,20582,20950,21318,21687
3024,1444,1963,2482,3000,3519,4038,4557,5076,5594,6113,6632,6956,7280,7603,7927,8251,8575,8899,9222
3025,4159,4200,4241,4282,4323,4364,4405,4446,4487,4528,4569,4631,4693,4756,4818,4880,4942,5004,5067
3026,399,367,334,302,269,237,205,172,140,107,75,72,69,67,64,61,58,55,53
3027,0,0,0,0,0,59,291,524,756,989,1221,1426,1631,1835,2040,2245,2450,2655,2859
3028,10704,10717,10730,10743,10756,10769,10782,10795,10808,10821,10834,10939,11044,11149,11254,11359,11464,11569,11674
3029,8507,10077,11647,13217,14787,16357,17927,19497,21067,22637,24207,25500,26793,28086,29379,30672,31965,33258,34551
3030,11984,13684,15383,17083,18782,20482,22182,23881,25581,27280,28980,30420,31860,33301,34741,36181,37621,39061,40502
3031,7648,7738,7828,7917,8007,8097,8187,8277,8366,8456,8546,8618,8690,8763,8835,8907,8979,9051,9124
3032,8070,8374,8678,8981,9285,9589,9893,10197,10500,10804,11108,11493,11879,12264,12650,13035,13420,13806,14191
3033,4761,4810,4859,4909,4958,5007,5056,5105,5155,5204,5253,5334,5416,5497,5579,5660,5741,5823,5904
3034,4095,4123,4152,4180,4209,4237,4265,4294,4322,4351,4379,4425,4471,4518,4564,4610,4656,4702,4749
3036,2146,2156,2166,2177,2187,2197,2207,2217,2228,2238,2248,2261,2274,2288,2301,2314,2327,2340,2354
3037,10354,10840,11326,11812,12298,12784,13270,13756,14242,14728,15214,15452,15689,15927,16164,16402,16640,16877,17115
3038,9073,9100,9126,9153,9179,9206,9233,9259,9286,9312,9339,9366,9392,9419,9445,9472,9499,9525,9552
3039,5439,5491,5543,5594,5646,5698,5750,5802,5853,5905,5957,6029,6101,6172,6244,6316,6388,6460,6531
3040,9534,9596,9657,9719,9780,9842,9904,9965,10027,10088,10150,10350,10550,10751,10951,11151,11351,11551,11752
3041,4023,4065,4107,4148,4190,4232,4274,4316,4357,4399,4441,4543,4645,4747,4849,4951,5053,5155,5257
3042,5721,5773,5826,5878,5931,5983,6035,6088,6140,6193,6245,6370,6495,6619,6744,6869,6994,7119,7243
3043,6493,6560,6626,6693,6759,6826,6893,6959,7026,7092,7159,7207,7256,7304,7353,7401,7449,7498,7546
3044,9173,9288,9403,9517,9632,9747,9862,9977,10091,10206,10321,10532,10743,10955,11166,11377,11588,11799,12011
3045,0,0,0,0,0,0,6,12,17,23,29,24,19,15,10,5,0,0,0
3046,11119,11267,11414,11562,11709,11857,12005,12152,12300,12447,12595,12858,13120,13383,13645,13908,14171,14433,14696
3047,6237,6286,6335,6383,6432,6481,6530,6579,6627,6676,6725,6831,6937,7043,7149,7255,7361,7467,7573
3048,5354,5377,5400,5424,5447,5470,5493,5516,5540,5563,5586,5619,5652,5685,5718,5751,5784,5817,5850
3049,2917,2951,2986,3020,3055,3089,3123,3158,3192,3227,3261,3315,3368,3422,3475,3529,3583,3636,3690
3051,4244,4413,4582,4752,4921,5090,5259,5428,5598,5767,5936,6242,6548,6854,7160,7466,7772,8078,8384
3052,1140,1215,1290,1364,1439,1514,1589,1664,1738,1813,1888,1994,2099,2205,2310,2416,2522,2627,2733
3053,5975,6150,6326,6501,6677,6852,7027,7203,7378,7554,7729,8206,8683,9161,9638,10115,10592,11069,11547
3054,4041,4045,4048,4052,4055,4059,4063,4066,4070,4073,4077,4076,4075,4073,4072,4071,4070,4069,4067
3055,5825,5880,5936,5991,6047,6102,6157,6213,6268,6324,6379,6491,6603,6714,6826,6938,7050,7162,7273
3056,9209,9358,9507,9656,9805,9954,10103,10252,10401,10550,10699,10900,11100,11301,11501,11702,11903,12103,12304
3057,2833,2960,3087,3215,3342,3469,3596,3723,3851,3978,4105,4478,4852,5225,5599,5972,6345,6719,7092
3058,11869,11985,12101,12218,12334,12450,12566,12682,12799,12915,13031,13223,13415,13606,13798,13990,14182,14374,14565
3059,3000,3057,3114,3170,3227,3284,3341,3398,3454,3511,3568,3826,4084,4342,4600,4858,5116,5374,5632
3060,4335,4380,4424,4469,4513,4558,4603,4647,4692,4736,4781,4847,4913,4980,5046,5112,5178,5244,5311
3061,1806,1810,1815,1819,1824,1828,1832,1837,1841,1846,1850,1838,1825,1813,1800,1788,1776,1763,1751
3062,0,0,0,0,0,0,0,0,0,0,0,0,0,0,0,0,0,0,0
3064,7682,8593,9504,10415,11326,12237,13148,14059,14970,15881,16792,18052,19313,20573,21834,23094,24354,25615,26875
3065,3879,3959,4039,4119,4199,4279,4359,4439,4519,4599,4679,4775,4870,4966,5061,5157,5253,5348,5444
3066,2641,2720,2799,2877,2956,3035,3114,3193,3271,3350,3429,3671,3913,4155,4397,4639,4881,5123,5365
3067,1945,1978,2011,2045,2078,2111,2144,2177,2211,2244,2277,2692,3108,3523,3939,4354,4769,5185,5600
3068,7529,7603,7676,7750,7823,7897,7971,8044,8118,8191,8265,8394,8523,8653,8782,8911,9040,9169,9299
3070,9716,9767,9818,9869,9920,9971,10022,10073,10124,10175,10226,10368,10509,10651,10792,10934,11076,11217,11359
3071,7849,7884,7919,7953,7988,8023,8058,8093,8127,8162,8197,8282,8367,8451,8536,8621,8706,8791,8875
3072,11006,11155,11303,11452,11600,11749,11898,12046,12195,12343,12492,12833,13173,13514,13854,14195,14536,14876,15217
3073,18588,18769,18950,19132,19313,19494,19675,19856,20038,20219,20400,20675,20950,21224,21499,21774,22049,22324,22598
3074,7049,7093,7137,7182,7226,7270,7314,7358,7403,7447,7491,7565,7639,7713,7787,7861,7935,8009,8083
3075,6578,6656,6734,6811,6889,6967,7045,7123,7200,7278,7356,7548,7739,7931,8122,8314,8506,8697,8889
3076,3943,4463,4983,5503,6023,6543,7063,7583,8103,8623,9143,9566,9989,10411,10834,11257,11680,12103,12525
3078,3828,3905,3981,4058,4134,4211,4288,4364,4441,4517,4594,4691,4788,4884,4981,5078,5175,5272,5368
3079,5679,5731,5783,5835,5887,5939,5991,6043,6095,6147,6199,6308,6417,6526,6635,6744,6853,6962,7071
3081,5401,5444,5487,5529,5572,5615,5658,5701,5743,5786,5829,5850,5872,5893,5915,5936,5957,5979,6000
3082,10029,10057,10085,10112,10140,10168,10196,10224,10251,10279,10307,10359,10410,10462,10513,10565,10617,10668,10720
3083,8563,8769,8974,9180,9385,9591,9797,10002,10208,10413,10619,10927,11235,11542,11850,12158,12466,12774,13081
3084,9157,9241,9325,9410,9494,9578,9662,9746,9831,9915,9999,10106,10212,10319,10425,10532,10639,10745,10852
3085,4320,4426,4532,4639,4745,4851,4957,5063,5170,5276,5382,5412,5442,5473,5503,5533,5563,5593,5624
3086,216,194,173,151,130,108,86,65,43,22,0,2,5,7,10,12,14,17,19
3087,3411,3437,3463,3489,3515,3541,3567,3593,3619,3645,3671,3679,3686,3694,3701,3709,3717,3724,3732
3088,9312,9397,9482,9567,9652,9737,9822,9907,9992,10077,10162,10235,10308,10382,10455,10528,10601,10674,10748
3089,2827,2936,3044,3153,3261,3370,3479,3587,3696,3804,3913,3955,3998,4040,4083,4125,4167,4210,4252
3090,621,623,625,627,629,631,633,635,637,639,641,662,683,703,724,745,766,787,807
3091,459,464,468,473,477,482,487,491,496,500,505,509,513,516,520,524,528,532,535
3093,1493,1496,1500,1503,1507,1510,1513,1517,1520,1524,1527,1531,1534,1538,1541,1545,1549,1552,1556
3094,2975,3044,3114,3183,3253,3322,3391,3461,3530,3600,3669,3677,3685,3694,3702,3710,3718,3726,3735
3095,9624,9638,9653,9667,9682,9696,9710,9725,9739,9754,9768,9815,9862,9910,9957,10004,10051,10098,10146
3096,428,446,465,483,502,520,538,557,575,594,612,617,622,627,632,637,642,647,652
3097,254,276,298,321,343,365,387,409,432,454,476,478,479,481,482,484,486,487,489
3099,1526,1550,1574,1597,1621,1645,1669,1693,1716,1740,1764,1772,1779,1787,1794,1802,1810,1817,1825
3101,8586,8709,8832,8955,9078,9201,9324,9447,9570,9693,9816,9900,9984,10069,10153,10237,10321,10405,10490
3102,2631,2605,2579,2552,2526,2500,2474,2448,2421,2395,2369,2415,2461,2508,2554,2600,2646,2692,2739
3103,6159,6166,6173,6181,6188,6195,6202,6209,6217,6224,6231,6269,6307,6344,6382,6420,6458,6496,6533
3104,7325,7352,7380,7407,7435,7462,7489,7517,7544,7572,7599,7596,7592,7589,7585,7582,7579,7575,7572
3105,4139,4166,4194,4221,4249,4276,4303,4331,4358,4386,4413,4417,4420,4424,4427,4431,4435,4438,4442
3106,5381,5433,5486,5538,5591,5643,5695,5748,5800,5853,5905,5942,5979,6015,6052,6089,6126,6163,6199
3107,4913,4932,4950,4969,4987,5006,5025,5043,5062,5080,5099,5142,5185,5228,5271,5314,5357,5400,5443
3108,6845,6941,7037,7133,7229,7325,7421,7517,7613,7709,7805,8089,8373,8657,8941,9225,9509,9793,10077
3109,9804,9864,9923,9983,10042,10102,10162,10221,10281,10340,10400,10509,10619,10728,10838,10947,11056,11166,11275
3111,4073,4103,4133,4163,4193,4223,4253,4283,4313,4343,4373,4419,4465,4512,4558,4604,4650,4696,4743
3113,2556,2594,2632,2669,2707,2745,2783,2821,2858,2896,2934,2934,2934,2933,2933,2933,2933,2933,2932
3114,1066,1079,1091,1104,1116,1129,1142,1154,1167,1179,1192,1197,1202,1207,1212,1217,1222,1227,1232
3115,1493,1468,1443,1418,1393,1368,1343,1318,1293,1268,1243,1248,1253,1259,1264,1269,1274,1279,1285
3116,3228,3250,3272,3295,3317,3339,3361,3383,3406,3428,3450,3506,3562,3617,3673,3729,3785,3841,3896
3121,11900,12053,12206,12360,12513,12666,12819,12972,13126,13279,13432,13902,14372,14841,15311,15781,16251,16721,17190
3122,8832,8981,9130,9278,9427,9576,9725,9874,10022,10171,10320,10557,10794,11032,11269,11506,11743,11980,12218
3123,5926,5928,5930,5932,5934,5936,5938,5940,5942,5944,5946,6082,6219,6355,6492,6628,6764,6901,7037
3124,7546,7554,7562,7571,7579,7587,7595,7603,7612,7620,7628,7830,8031,8233,8434,8636,8838,9039,9241
3125,4352,4446,4540,4634,4728,4822,4916,5010,5104,5198,5292,5436,5579,5723,5866,6010,6154,6297,6441
3126,2675,2711,2747,2782,2818,2854,2890,2926,2961,2997,3033,3044,3055,3066,3077,3088,3099,3110,3121
3127,6891,6911,6931,6952,6972,6992,7012,7032,7053,7073,7093,7134,7174,7215,7255,7296,7337,7377,7418
3128,6356,6467,6578,6688,6799,6910,7021,7132,7242,7353,7464,7704,7944,8184,8424,8664,8904,9144,9384
3129,6390,6411,6432,6454,6475,6496,6517,6538,6560,6581,6602,6702,6802,6903,7003,7103,7203,7303,7404
3130,11470,11538,11606,11675,11743,11811,11879,11947,12016,12084,12152,12289,12427,12564,12702,12839,12976,13114,13251
3131,8258,8311,8364,8417,8470,8523,8576,8629,8682,8735,8788,8857,8926,8996,9065,9134,9203,9272,9342
3132,5900,5936,5972,6007,6043,6079,6115,6151,6186,6222,6258,6363,6468,6573,6678,6783,6888,6993,7098
3133,7796,7825,7854,7884,7913,7942,7971,8000,8030,8059,8088,8123,8158,8193,8228,8263,8298,8333,8368
3134,11241,11345,11448,11552,11655,11759,11863,11966,12070,12173,12277,12396,12515,12633,12752,12871,12990,13109,13227
3135,7128,7207,7287,7366,7446,7525,7604,7684,7763,7843,7922,7943,7964,7985,8006,8027,8048,8069,8090
3136,15060,15214,15368,15522,15676,15830,15984,16138,16292,16446,16600,16915,17230,17544,17859,18174,18489,18804,19118
3137,4546,4611,4676,4740,4805,4870,4935,5000,5064,5129,5194,5267,5340,5413,5486,5559,5632,5705,5778
3138,6471,6589,6706,6824,6941,7059,7177,7294,7412,7529,7647,7759,7871,7983,8095,8207,8319,8431,8543
3139,4436,4508,4579,4651,4722,4794,4866,4937,5009,5080,5152,5155,5158,5160,5163,5166,5169,5172,5174
3140,4827,4951,5076,5200,5325,5449,5573,5698,5822,5947,6071,6177,6283,6388,6494,6600,6706,6812,6917
3141,10109,10258,10407,10555,10704,10853,11002,11151,11299,11448,11597,12426,13255,14084,14913,15742,16571,17400,18229
3142,6977,6969,6961,6954,6946,6938,6930,6922,6915,6907,6899,6933,6967,7002,7036,7070,7104,7138,7173
3143,4373,4390,4407,4425,4442,4459,4476,4493,4511,4528,4545,4564,4582,4601,4619,4638,4657,4675,4694
3144,4245,4262,4278,4295,4311,4328,4345,4361,4378,4394,4411,4509,4607,4705,4803,4901,4999,5097,5195
3145,8328,8371,8415,8458,8502,8545,8588,8632,8675,8719,8762,8908,9054,9201,9347,9493,9639,9785,9932
3146,8969,9097,9225,9353,9481,9609,9737,9865,9993,10121,10249,10292,10336,10379,10423,10466,10509,10553,10596
3147,5063,5093,5122,5152,5181,5211,5241,5270,5300,5329,5359,5441,5522,5604,5685,5767,5849,5930,6012
3148,2885,2921,2956,2992,3027,3063,3099,3134,3170,3205,3241,3313,3385,3457,3529,3601,3673,3745,3817
3149,12032,12108,12184,12259,12335,12411,12487,12563,12638,12714,12790,12887,12984,13081,13178,13275,13372,13469,13566
3150,21415,21459,21503,21547,21591,21635,21679,21723,21767,21811,21855,22009,22163,22316,22470,22624,22778,22932,23085
3151,3979,3976,3974,3971,3969,3966,3963,3961,3958,3956,3953,3971,3989,4006,4024,4042,4060,4078,4095
3152,10965,11014,11064,11113,11163,11212,11261,11311,11360,11410,11459,11635,11811,11986,12162,12338,12514,12690,12865
3153,7358,7442,7526,7610,7694,7778,7862,7946,8030,8114,8198,8272,8346,8419,8493,8567,8641,8715,8788
3154,1355,1379,1403,1428,1452,1476,1500,1524,1549,1573,1597,1613,1629,1644,1660,1676,1692,1708,1723
3155,8151,8226,8301,8376,8451,8526,8601,8676,8751,8826,8901,9035,9169,9303,9437,9571,9705,9839,9973
3156,12051,12186,12321,12455,12590,12725,12860,12995,13129,13264,13399,13583,13767,13951,14135,14319,14503,14687,14871
3158,2281,2315,2350,2384,2419,2453,2487,2522,2556,2591,2625,2613,2602,2590,2579,2567,2555,2544,2532
3159,1455,1401,1347,1292,1238,1184,1130,1076,1021,967,913,921,930,938,947,955,963,972,980
3160,3282,3297,3311,3326,3340,3355,3370,3384,3399,3413,3428,3432,3437,3441,3446,3450,3454,3459,3463
3161,6055,6088,6122,6155,6189,6222,6255,6289,6322,6356,6389,6443,6497,6551,6605,6659,6713,6767,6821
3162,6481,6524,6566,6609,6651,6694,6737,6779,6822,6864,6907,6976,7044,7113,7181,7250,7319,7387,7456
3163,12459,12586,12713,12840,12967,13094,13221,13348,13475,13602,13729,13936,14143,14350,14557,14764,14971,15178,15385
3165,9772,9827,9882,9936,9991,10046,10101,10156,10210,10265,10320,10430,10540,10650,10760,10870,10980,11090,11200
3166,8146,8222,8298,8375,8451,8527,8603,8679,8756,8832,8908,9044,9180,9316,9452,9588,9724,9860,9996
3167,3335,3350,3366,3381,3397,3412,3427,3443,3458,3474,3489,3517,3545,3573,3601,3629,3657,3685,3713
3168,5672,5761,5850,5939,6028,6117,6206,6295,6384,6473,6562,6853,7144,7435,7726,8017,8308,8599,8890
3169,6276,6357,6438,6520,6601,6682,6763,6844,6926,7007,7088,7180,7273,7365,7458,7550,7642,7735,7827
3170,5405,5539,5673,5806,5940,6074,6208,6342,6475,6609,6743,6830,6916,7003,7089,7176,7263,7349,7436
3171,6633,6678,6724,6769,6815,6860,6905,6951,6996,7042,7087,7162,7237,7311,7386,7461,7536,7611,7685
3172,7498,7545,7591,7638,7684,7731,7778,7824,7871,7917,7964,7987,8010,8032,8055,8078,8101,8124,8146
3173,5131,5273,5414,5556,5697,5839,5981,6122,6264,6405,6547,6927,7308,7688,8069,8449,8829,9210,9590
3174,12858,12968,13078,13187,13297,13407,13517,13627,13736,13846,13956,14115,14274,14434,14593,14752,14911,15070,15230
3175,16323,16527,16732,16936,17141,17345,17549,17754,17958,18163,18367,18650,18933,19215,19498,19781,20064,20347,20629
3177,3686,3721,3756,3791,3826,3861,3896,3931,3966,4001,4036,4093,4150,4206,4263,4320,4377,4434,4490
3178,10744,10831,10918,11004,11091,11178,11265,11352,11438,11525,11612,11628,11644,11659,11675,11691,11707,11723,11738
3179,2058,2063,2069,2074,2080,2085,2090,2096,2101,2107,2112,2121,2129,2138,2146,2155,2164,2172,2181
3180,2122,2192,2262,2332,2402,2472,2542,2612,2682,2752,2822,2840,2858,2875,2893,2911,2929,2947,2964
3181,8519,8687,8856,9024,9193,9361,9529,9698,9866,10035,10203,10458,10713,10969,11224,11479,11734,11989,12245
3182,11444,11602,11761,11919,12078,12236,12394,12553,12711,12870,13028,13358,13688,14017,14347,14677,15007,15337,15666
3183,8907,8945,8984,9022,9061,9099,9137,9176,9214,9253,9291,9335,9379,9423,9467,9511,9555,9599,9643
3184,7617,7689,7760,7832,7903,7975,8047,8118,8190,8261,8333,8424,8515,8606,8697,8788,8879,8970,9061
3185,5451,5478,5505,5533,5560,5587,5614,5641,5669,5696,5723,5768,5813,5857,5902,5947,5992,6037,6081
3186,8447,8511,8575,8639,8703,8767,8831,8895,8959,9023,9087,9331,9575,9820,10064,10308,10552,10796,11041
3187,6231,6246,6262,6277,6293,6308,6323,6339,6354,6370,6385,6414,6443,6471,6500,6529,6558,6587,6615
3188,6576,6608,6640,6673,6705,6737,6769,6801,6834,6866,6898,7047,7196,7346,7495,7644,7793,7942,8092
3189,1998,2023,2048,2074,2099,2124,2149,2174,2200,2225,2250,2311,2373,2434,2496,2557,2618,2680,2741
3190,4072,4106,4139,4173,4206,4240,4274,4307,4341,4374,4408,4457,4506,4555,4604,4653,4702,4751,4800
3191,3443,3487,3530,3574,3617,3661,3705,3748,3792,3835,3879,3977,4075,4173,4271,4369,4467,4565,4663
3192,8394,8432,8470,8509,8547,8585,8623,8661,8700,8738,8776,8936,9097,9257,9418,9578,9738,9899,10059
3193,7394,7428,7462,7497,7531,7565,7599,7633,7668,7702,7736,7787,7837,7888,7938,7989,8040,8090,8141
3194,5099,5132,5165,5197,5230,5263,5296,5329,5361,5394,5427,5556,5685,5813,5942,6071,6200,6329,6457
3195,11571,11797,12023,12250,12476,12702,12928,13154,13381,13607,13833,13926,14019,14113,14206,14299,14392,14485,14579
3196,9504,9622,9740,9859,9977,10095,10213,10331,10450,10568,10686,10842,10998,11155,11311,11467,11623,11779,11936
3197,4513,4572,4631,4689,4748,4807,4866,4925,4983,5042,5101,5130,5159,5189,5218,5247,5276,5305,5335
3198,7209,7248,7287,7327,7366,7405,7444,7483,7523,7562,7601,7676,7751,7826,7901,7976,8051,8126,8201
3199,22007,22148,22289,22430,22571,22712,22853,22994,23135,23276,23417,23609,23801,23994,24186,24378,24570,24762,24955
3200,2426,2431,2435,2440,2444,2449,2454,2458,2463,2467,2472,2487,2502,2516,2531,2546,2561,2576,2590
3201,5456,5655,5855,6054,6254,6453,6652,6852,7051,7251,7450,7604,7758,7911,8065,8219,8373,8527,8680
3202,921,924,927,931,934,937,940,943,947,950,953,967,982,996,1011,1025,1039,1054,1068
3204,10610,10700,10789,10879,10968,11058,11148,11237,11327,11416,11506,11660,11814,11967,12121,12275,12429,12583,12736
3205,4750,4779,4807,4836,4864,4893,4922,4950,4979,5007,5036,5271,5506,5740,5975,6210,6445,6680,6914
3206,5023,5025,5027,5028,5030,5032,5034,5036,5037,5039,5041,5055,5069,5082,5096,5110,5124,5138,5151
3207,6158,6350,6543,6735,6928,7120,7312,7505,7697,7890,8082,8223,8365,8506,8648,8789,8930,9072,9213
3211,78,121,164,207,250,293,336,379,422,465,508,506,505,503,502,500,498,497,495
3212,4404,4478,4552,4625,4699,4773,4847,4921,4994,5068,5142,5304,5465,5627,5788,5950,6112,6273,6435
3214,9664,9698,9732,9766,9800,9834,9868,9902,9936,9970,10004,10105,10206,10307,10408,10509,10610,10711,10812
3215,7777,7869,7961,8052,8144,8236,8328,8420,8511,8603,8695,8798,8901,9005,9108,9211,9314,9417,9521
3216,18208,18575,18942,19310,19677,20044,20411,20778,21146,21513,21880,22154,22428,22701,22975,23249,23523,23797,24070
3217,17,57,97,137,177,217,257,297,337,377,417,812,1207,1602,1997,2392,2787,3182,3577
3218,5932,5952,5973,5993,6014,6034,6054,6075,6095,6116,6136,6223,6310,6398,6485,6572,6659,6746,6834
3219,8326,8410,8494,8577,8661,8745,8829,8913,8996,9080,9164,9235,9307,9378,9450,9521,9592,9664,9735
3220,6676,6728,6780,6833,6885,6937,6989,7041,7094,7146,7198,7313,7428,7544,7659,7774,7889,8004,8120
3221,2466,2562,2657,2753,2848,2944,3040,3135,3231,3326,3422,2790,2159,1527,896,264,0,0,0
3222,3984,4101,4218,4335,4452,4569,4686,4803,4920,5037,5154,5410,5666,5923,6179,6435,6691,6947,7204
3223,4631,4759,4886,5014,5141,5269,5397,5524,5652,5779,5907,5999,6091,6183,6275,6367,6459,6551,6643
3224,2516,2670,2823,2977,3130,3284,3438,3591,3745,3898,4052,4405,4757,5110,5462,5815,6168,6520,6873
3225,3038,3072,3107,3141,3176,3210,3244,3279,3313,3348,3382,3414,3445,3477,3508,3540,3572,3603,3635
3226,5040,5193,5347,5500,5654,5807,5960,6114,6267,6421,6574,6733,6892,7050,7209,7368,7527,7686,7844
3227,1654,1734,1815,1895,1976,2056,2136,2217,2297,2378,2458,2499,2540,2581,2622,2663,2704,2745,2786
3228,4567,4874,5180,5487,5793,6100,6407,6713,7020,7326,7633,7881,8129,8377,8625,8873,9121,9369,9617
3230,2670,2687,2704,2722,2739,2756,2773,2790,2808,2825,2842,2857,2872,2887,2902,2917,2932,2947,2962
3231,1112,1180,1248,1317,1385,1453,1521,1589,1658,1726,1794,1790,1786,1783,1779,1775,1771,1767,1764
3232,1450,1478,1507,1535,1564,1592,1620,1649,1677,1706,1734,1757,1780,1802,1825,1848,1871,1894,1916
3233,2298,2280,2262,2243,2225,2207,2189,2171,2152,2134,2116,2147,2178,2210,2241,2272,2303,2334,2366
3235,679,633,586,540,493,447,401,354,308,261,215,221,227,234,240,246,252,258,265
3236,38,51,64,78,91,104,117,130,144,157,170,165,161,156,152,147,142,138,133
3238,195,188,182,175,169,162,155,149,142,136,129,139,149,158,168,178,188,198,207
3239,414,398,381,365,348,332,316,299,283,266,250,253,255,258,260,263,266,268,271
3240,85,153,220,288,355,423,491,558,626,693,761,759,758,756,755,753,751,750,748
3241,921,932,943,953,964,975,986,997,1007,1018,1029,1055,1080,1106,1131,1157,1183,1208,1234
3242,263,273,284,294,305,315,325,336,346,357,367,377,387,396,406,416,426,436,445
3243,0,0,0,39,80,122,164,205,247,288,330,302,275,247,220,192,164,137,109
3249,2280,2175,2071,1966,1862,1757,1652,1548,1443,1339,1234,1274,1314,1353,1393,1433,1473,1513,1552
3250,4656,4719,4782,4845,4908,4971,5034,5097,5160,5223,5286,5345,5403,5462,5520,5579,5638,5696,5755
3251,0,0,0,12,59,105,151,198,244,291,337,318,299,280,261,242,223,204,185
3260,2450,2415,2380,2346,2311,2276,2241,2206,2172,2137,2102,2132,2162,2193,2223,2253,2283,2313,2344
3264,981,991,1001,1012,1022,1032,1042,1052,1063,1073,1083,1079,1075,1072,1068,1064,1060,1056,1053
3265,516,570,625,679,734,788,842,897,951,1006,1060,1064,1068,1072,1076,1080,1084,1088,1092
3266,1516,1510,1503,1497,1490,1484,1478,1471,1465,1458,1452,1433,1414,1394,1375,1356,1337,1318,1298
3268,1487,1446,1405,1364,1323,1282,1241,1200,1159,1118,1077,1098,1119,1140,1161,1182,1203,1224,1245
3269,517,522,527,533,538,543,548,553,559,564,569,540,512,483,455,426,397,369,340
3270,269,270,271,271,272,273,274,275,275,276,277,289,300,312,323,335,347,358,370
3272,642,662,683,703,724,744,764,785,805,826,846,835,823,812,800,789,778,766,755
3274,236,230,224,219,213,207,201,195,190,184,178,165,152,138,125,112,99,86,72
3275,356,338,320,301,283,265,247,229,210,192,174,172,170,167,165,163,161,159,156
3276,331,317,303,289,275,261,247,233,219,205,191,194,197,201,204,207,210,213,217
3277,499,520,542,563,585,606,627,649,670,692,713,717,721,724,728,732,736,740,743
3278,167,166,165,165,164,163,162,161,161,160,159,150,142,133,125,116,107,99,90
3280,10928,11155,11382,11609,11836,12063,12290,12517,12744,12971,13198,13421,13645,13868,14092,14315,14538,14762,14985
3281,0,0,0,0,70,160,250,339,429,518,608,610,612,613,615,617,619,621,622
3282,426,477,529,580,632,683,734,786,837,889,940,946,952,958,964,970,976,982,988
3283,835,787,739,691,643,595,547,499,451,403,355,393,431,469,507,545,583,621,659
3284,1495,1548,1600,1653,1705,1758,1811,1863,1916,1968,2021,2061,2100,2140,2179,2219,2259,2298,2338
3285,569,570,571,573,574,575,576,577,579,580,581,577,573,568,564,560,556,552,547
3286,460,445,431,416,402,387,372,358,343,329,314,311,308,304,301,298,295,292,288
3287,156,157,157,158,158,159,160,160,161,161,162,165,168,171,174,177,180,183,186
3289,428,418,407,397,386,376,366,355,345,334,324,338,352,366,380,394,408,422,436
3292,229,234,239,245,250,255,260,265,271,276,281,278,274,271,267,264,261,257,254
3293,131,134,137,140,143,146,149,152,155,158,161,162,162,163,163,164,165,165,166
3294,494,487,481,474,468,461,454,448,441,435,428,434,440,446,452,458,464,470,476
3300,5028,5009,4989,4970,4950,4931,4912,4892,4873,4853,4834,4856,4878,4900,4922,4944,4966,4988,5010
3301,0,0,0,28,122,216,310,404,499,593,687,664,641,619,596,573,550,527,505
3302,161,169,177,185,193,201,209,217,225,233,241,231,221,211,201,191,181,171,161
3303,121,130,140,149,159,168,177,187,196,206,215,204,194,183,173,162,151,141,130
3304,1405,1383,1361,1338,1316,1294,1272,1250,1227,1205,1183,1218,1253,1289,1324,1359,1394,1429,1465
3305,5281,5353,5425,5496,5568,5640,5712,5784,5855,5927,5999,6052,6105,6159,6212,6265,6318,6371,6425
3310,222,219,217,214,212,209,206,204,201,199,196,184,172,160,148,136,124,112,100
3311,748,759,770,782,793,804,815,826,838,849,860,874,889,903,918,932,946,961,975
3312,762,733,704,675,646,617,588,559,530,501,472,484,497,509,522,534,546,559,571
3314,331,332,334,335,337,338,339,341,342,344,345,328,310,293,275,258,241,223,206
3315,903,901,898,896,893,891,889,886,884,881,879,873,867,861,855,849,843,837,831
3317,0,0,0,0,18,47,76,105,135,164,193,176,159,142,125,108,91,74,57
3318,1000,956,912,868,824,780,736,692,648,604,560,592,624,657,689,721,753,785,818
3319,158,160,162,164,166,168,170,172,174,176,178,186,195,203,212,220,228,237,245
3321,510,505,500,495,490,485,480,475,470,465,460,484,507,531,554,578,602,625,649
3324,460,448,436,424,412,400,388,376,364,352,340,334,328,323,317,311,305,299,294
3325,424,413,402,390,379,368,357,346,334,323,312,303,293,284,274,265,256,246,237
3328,486,490,494,499,503,507,511,515,520,524,528,545,562,579,596,613,630,647,664
3330,37,55,73,90,108,126,144,162,179,197,215,192,169,147,124,101,78,55,33
3331,907,965,1023,1080,1138,1196,1254,1312,1369,1427,1485,1608,1731,1854,1977,2100,2223,2346,2469
3332,275,282,288,295,301,308,315,321,328,334,341,348,354,361,367,374,381,387,394
3333,122,141,159,178,196,215,234,252,271,289,308,316,323,331,338,346,354,361,369
3334,186,191,196,201,206,211,216,221,226,231,236,241,245,250,254,259,264,268,273
3335,496,517,538,559,580,601,622,643,664,685,706,998,1290,1583,1875,2167,2459,2751,3044
3337,6703,7253,7803,8353,8903,9453,10003,10553,11103,11653,12203,12492,12781,13071,13360,13649,13938,14227,14517
3338,2838,3187,3537,3886,4236,4585,4934,5284,5633,5983,6332,6828,7323,7819,8314,8810,9306,9801,10297
3340,5041,5241,5441,5642,5842,6042,6242,6442,6643,6843,7043,7291,7539,7786,8034,8282,8530,8778,9025
3341,445,462,479,496,513,530,547,564,581,598,615,619,622,626,629,633,637,640,644
3342,1656,1625,1593,1562,1530,1499,1468,1436,1405,1373,1342,1373,1405,1436,1468,1499,1530,1562,1593
3345,356,373,389,406,422,439,456,472,489,505,522,511,500,489,478,467,456,445,434
3350,19962,20344,20727,21109,21492,21874,22256,22639,23021,23404,23786,24336,24886,25437,25987,26537,27087,27637,28188
3351,2309,2405,2500,2596,2691,2787,2883,2978,3074,3169,3265,3280,3294,3309,3323,3338,3353,3367,3382
3352,4800,4902,5003,5105,5206,5308,5410,5511,5613,5714,5816,5896,5975,6055,6134,6214,6294,6373,6453
3355,4880,4983,5085,5188,5290,5393,5496,5598,5701,5803,5906,5955,6004,6053,6102,6151,6200,6249,6298
3356,4239,4439,4639,4839,5039,5239,5439,5639,5839,6039,6239,6454,6670,6885,7101,7316,7531,7747,7962
3357,540,609,679,748,818,887,956,1026,1095,1165,1234,1268,1302,1335,1369,1403,1437,1471,1504
3360,109,141,173,206,238,270,302,334,367,399,431,427,423,420,416,412,408,404,401
3361,185,213,241,270,298,326,354,382,411,439,467,444,420,397,373,350,327,303,280
3363,1141,1172,1203,1235,1266,1297,1328,1359,1391,1422,1453,1472,1491,1511,1530,1549,1568,1587,1607
3364,610,644,678,712,746,780,814,848,882,916,950,957,964,971,978,985,992,999,1006
3370,700,718,736,753,771,789,807,825,842,860,878,887,896,905,914,923,932,941,950
3371,653,648,644,639,635,630,625,621,616,612,607,603,598,594,589,585,581,576,572
3373,961,962,963,964,965,966,967,968,969,970,971,1006,1042,1077,1113,1148,1183,1219,1254
3375,51,59,67,74,82,90,98,106,113,121,129,122,115,108,101,94,87,80,73
3377,4491,4425,4359,4293,4227,4161,4095,4029,3963,3897,3831,3905,3980,4054,4129,4203,4277,4352,4426
3379,599,570,541,512,483,454,425,396,367,338,309,329,349,370,390,410,430,450,471
3380,2600,2630,2660,2691,2721,2751,2781,2811,2842,2872,2902,2908,2914,2920,2926,2932,2938,2944,2950
3381,1922,1818,1714,1609,1505,1401,1297,1193,1088,984,880,883,886,890,893,896,899,902,906
3384,90,125,161,196,232,267,302,338,373,409,444,414,385,355,326,296,266,237,207
3387,35,48,61,75,88,101,114,127,141,154,167,167,167,167,167,167,167,167,167
3388,303,300,297,295,292,289,286,283,281,278,275,274,273,272,271,270,269,268,267
3390,518,515,511,508,504,501,498,494,491,487,484,485,486,486,487,488,489,490,490
3391,8,20,32,45,57,69,81,93,106,118,130,122,113,105,96,88,80,71,63
3392,133,154,175,195,216,237,258,279,299,320,341,335,329,322,316,310,304,298,291
3393,1394,1389,1384,1379,1374,1369,1364,1359,1354,1349,1344,1340,1337,1333,1330,1326,1322,1319,1315
3395,130,151,172,192,213,234,255,276,296,317,338,314,290,265,241,217,193,169,144
3396,283,285,286,288,289,291,293,294,296,297,299,317,334,352,369,387,405,422,440
3400,5606,5711,5816,5922,6027,6132,6237,6342,6448,6553,6658,6719,6780,6840,6901,6962,7023,7084,7144
3401,1863,1876,1888,1901,1913,1926,1939,1951,1964,1976,1989,1957,1924,1892,1859,1827,1795,1762,1730
3407,368,350,332,315,297,279,261,243,226,208,190,195,199,204,208,213,218,222,227
3409,515,517,519,521,523,525,527,529,531,533,535,529,522,516,509,503,497,490,484
3412,143,141,139,138,136,134,132,130,129,127,125,132,140,147,155,162,169,177,184
3413,0,0,7,22,38,53,68,84,99,115,130,130,129,129,128,128,128,127,127
3414,860,864,868,871,875,879,883,887,890,894,898,897,896,895,894,893,892,891,890
3418,1486,1473,1460,1447,1434,1421,1408,1395,1382,1369,1356,1368,1380,1391,1403,1415,1427,1439,1450
3419,464,469,474,479,484,489,494,499,504,509,514,497,481,464,448,431,414,398,381
3420,220,215,209,204,198,193,188,182,177,171,166,165,164,162,161,160,159,158,156
3423,312,317,322,327,332,337,342,347,352,357,362,350,338,325,313,301,289,277,264
3424,566,551,537,522,508,493,478,464,449,435,420,426,432,438,444,450,456,462,468
3427,837,847,857,868,878,888,898,908,919,929,939,981,1023,1065,1107,1149,1191,1233,1275
3428,10,34,57,81,104,128,152,175,199,222,246,245,245,244,244,243,242,242,241
3429,10251,10522,10792,11063,11333,11604,11875,12145,12416,12686,12957,13158,13359,13561,13762,13963,14164,14365,14567
3431,670,739,808,877,946,1015,1084,1153,1222,1291,1360,1379,1398,1418,1437,1456,1475,1494,1514
3434,2012,1979,1946,1914,1881,1848,1815,1782,1750,1717,1684,1735,1786,1836,1887,1938,1989,2040,2090
3435,736,778,820,863,905,947,989,1031,1074,1116,1158,1168,1178,1189,1199,1209,1219,1229,1240
3437,2354,2444,2533,2623,2712,2802,2892,2981,3071,3160,3250,3381,3513,3644,3776,3907,4038,4170,4301
3438,375,418,460,503,545,588,631,673,716,758,801,810,819,827,836,845,854,863,871
3440,670,680,690,700,710,720,730,740,750,760,770,775,780,786,791,796,801,806,812
3441,818,798,778,758,738,718,698,678,658,638,618,619,619,620,620,621,622,622,623
3442,2482,2544,2605,2667,2728,2790,2852,2913,2975,3036,3098,3097,3096,3096,3095,3094,3093,3092,3092
3444,3649,3683,3717,3750,3784,3818,3852,3886,3919,3953,3987,4040,4093,4146,4199,4252,4305,4358,4411
3446,227,231,236,240,245,249,253,258,262,267,271,316,360,405,449,494,539,583,628
3447,0,0,17,47,78,109,140,171,201,232,263,260,257,253,250,247,244,241,237
3448,339,339,338,338,337,337,337,336,336,335,335,356,376,397,417,438,459,479,500
3450,3279,3292,3305,3319,3332,3345,3358,3371,3385,3398,3411,3438,3465,3491,3518,3545,3572,3599,3625
3451,1883,1909,1935,1960,1986,2012,2038,2064,2089,2115,2141,2191,2240,2290,2339,2389,2439,2488,2538
3453,319,356,393,430,467,504,541,578,615,652,689,696,702,709,715,722,729,735,742
3458,520,575,630,684,739,794,849,904,958,1013,1068,1093,1118,1142,1167,1192,1217,1242,1266
3460,1050,1127,1203,1280,1356,1433,1510,1586,1663,1739,1816,1825,1834,1843,1852,1861,1870,1879,1888
3461,2485,2476,2467,2457,2448,2439,2430,2421,2411,2402,2393,2431,2469,2506,2544,2582,2620,2658,2695
3462,618,612,606,600,594,588,582,576,570,564,558,571,584,597,610,623,636,649,662
3463,1064,1110,1155,1201,1246,1292,1338,1383,1429,1474,1520,1497,1474,1450,1427,1404,1381,1358,1334
3464,127,164,201,239,276,313,350,387,425,462,499,498,497,497,496,495,494,493,493
3465,4834,4776,4717,4659,4600,4542,4484,4425,4367,4308,4250,4364,4479,4593,4708,4822,4936,5051,5165
3467,595,602,609,617,624,631,638,645,653,660,667,659,651,642,634,626,618,610,601
3468,355,333,311,289,267,245,223,201,179,157,135,140,145,150,155,160,165,170,175
3469,48,68,88,109,129,149,169,189,210,230,250,232,214,195,177,159,141,123,104
3472,223,287,351,414,478,542,606,670,733,797,861,867,872,878,883,889,895,900,906
3475,383,366,348,331,313,296,279,261,244,226,209,215,222,228,235,241,247,254,260
3478,2198,2135,2072,2008,1945,1882,1819,1756,1692,1629,1566,1524,1482,1440,1398,1356,1314,1272,1230
3480,882,874,866,859,851,843,835,827,820,812,804,822,840,859,877,895,913,931,950
3482,0,0,18,43,68,93,118,143,168,193,218,195,172,149,126,103,80,57,34
3483,630,602,574,545,517,489,461,433,404,376,348,367,387,406,426,445,464,484,503
3485,199,190,181,172,163,154,145,136,127,118,109,127,145,164,182,200,218,236,255
3490,838,810,782,755,727,699,671,643,616,588,560,591,622,652,683,714,745,776,806
3491,225,226,227,228,229,230,231,232,233,234,235,202,169,137,104,71,38,5,0
3494,64,91,119,146,174,201,228,256,283,311,338,341,343,346,348,351,354,356,359
3496,2347,2365,2384,2402,2421,2439,2457,2476,2494,2513,2531,2569,2606,2644,2681,2719,2757,2794,2832
3498,2268,2242,2216,2190,2164,2138,2112,2086,2060,2034,2008,2024,2039,2055,2070,2086,2102,2117,2133
3500,11098,11381,11664,11948,12231,12514,12797,13080,13364,13647,13930,14123,14315,14508,14700,14893,15086,15278,15471
3501,820,810,801,791,782,772,762,753,743,734,724,722,720,717,715,713,711,709,706
3505,1787,1801,1815,1830,1844,1858,1872,1886,1901,1915,1929,1924,1919,1914,1909,1904,1899,1894,1889
3507,0,0,0,0,22,56,90,125,159,194,228,200,171,143,114,86,58,29,1
3509,180,172,164,157,149,141,133,125,118,110,102,105,109,112,116,119,122,126,129
3512,201,213,225,236,248,260,272,284,295,307,319,298,277,257,236,215,194,173,153
3515,518,502,485,469,452,436,420,403,387,370,354,424,494,564,634,704,774,844,914
3516,322,325,328,332,335,338,341,344,348,351,354,349,344,339,334,329,324,319,314
3517,694,706,718,730,742,754,766,778,790,802,814,797,780,763,746,729,712,695,678
3518,627,647,667,686,706,726,746,766,785,805,825,825,825,825,825,825,825,825,825
3520,63,72,81,91,100,109,118,127,137,146,155,146,137,127,118,109,100,91,81
3521,273,278,282,287,291,296,301,305,310,314,319,311,303,294,286,278,270,262,253
3522,73,93,113,134,154,174,194,214,235,255,275,253,231,210,188,166,144,122,101
3523,1768,1795,1822,1848,1875,1902,1929,1956,1982,2009,2036,2055,2074,2092,2111,2130,2149,2168,2186
3525,865,847,828,810,791,773,755,736,718,699,681,683,686,688,691,693,695,698,700
3527,402,405,408,410,413,416,419,422,424,427,430,431,432,432,433,434,435,436,436
3530,0,0,0,9,33,57,81,105,129,153,177,155,133,112,90,68,46,24,3
3531,164,164,163,163,162,162,162,161,161,160,160,144,128,112,96,80,64,48,32
3533,305,319,332,346,359,373,387,400,414,427,441,437,432,428,423,419,415,410,406
3537,564,567,570,572,575,578,581,584,586,589,592,575,559,542,526,509,492,476,459
3540,241,235,230,224,219,213,207,202,196,191,185,180,176,171,167,162,157,153,148
3542,58,62,66,69,73,77,81,85,88,92,96,91,86,81,76,71,66,61,56
3544,59,71,83,95,107,119,131,143,155,167,179,169,159,148,138,128,118,108,97
3546,215,215,215,215,215,215,215,215,215,215,215,211,208,204,201,197,193,190,186
3549,1537,1540,1543,1547,1550,1553,1556,1559,1563,1566,1569,1554,1539,1523,1508,1493,1478,1463,1447
3550,16654,16795,16935,17076,17216,17357,17498,17638,17779,17919,18060,18308,18555,18803,19050,19298,19546,19793,20041
3551,5602,5937,6271,6606,6940,7275,7610,7944,8279,8613,8948,9338,9728,10117,10507,10897,11287,11677,12066
3555,6463,6636,6809,6982,7155,7328,7501,7674,7847,8020,8193,8357,8521,8685,8849,9013,9177,9341,9505
3556,3803,3922,4042,4161,4281,4400,4519,4639,4758,4878,4997,5171,5345,5520,5694,5868,6042,6216,6391
3557,352,344,335,327,318,310,302,293,285,276,268,282,296,309,323,337,351,365,378
3558,363,377,391,404,418,432,446,460,473,487,501,499,496,494,491,489,487,484,482
3559,44,71,98,124,151,178,205,232,258,285,312,306,301,295,290,284,278,273,267
3561,2468,2431,2394,2357,2320,2283,2246,2209,2172,2135,2098,2081,2063,2046,2028,2011,1994,1976,1959
3562,149,148,146,145,143,142,141,139,138,136,135,132,130,127,125,122,119,117,114
3563,339,341,343,346,348,350,352,354,357,359,361,362,362,363,363,364,365,365,366
3564,5779,5866,5953,6039,6126,6213,6300,6387,6473,6560,6647,6732,6818,6903,6989,7074,7159,7245,7330
3566,296,296,296,295,295,295,295,295,294,294,294,292,290,287,285,283,281,279,276
3567,166,178,190,203,215,227,239,251,264,276,288,294,300,306,312,318,324,330,336
3568,1515,1503,1491,1480,1468,1456,1444,1432,1421,1409,1397,1406,1416,1425,1435,1444,1453,1463,1472
3570,556,525,494,464,433,402,371,340,310,279,248,262,276,291,305,319,333,347,362
3571,209,204,198,193,187,182,177,171,166,160,155,153,151,149,147,145,143,141,139
3573,154,164,174,185,195,205,215,225,236,246,256,237,217,198,178,159,140,120,101
3575,521,516,510,505,499,494,489,483,478,472,467,461,454,448,441,435,429,422,416
3579,2757,2744,2731,2719,2706,2693,2680,2667,2655,2642,2629,2637,2645,2653,2661,2669,2677,2685,2693
3580,415,417,420,422,425,427,429,432,434,437,439,455,470,486,501,517,533,548,564
3581,55,65,76,86,97,107,117,128,138,149,159,147,135,122,110,98,86,74,61
3584,614,615,616,616,617,618,619,620,620,621,622,594,565,537,508,480,452,423,395
3586,0,0,9,47,86,124,162,201,239,278,316,311,306,302,297,292,287,282,278
3588,115,116,117,117,118,119,120,121,121,122,123,129,135,140,146,152,158,164,169
3589,531,491,450,410,369,329,289,248,208,167,127,131,136,140,145,149,153,158,162
3590,26,38,51,63,76,88,100,113,125,138,150,145,141,136,132,127,122,118,113
3591,356,333,310,286,263,240,217,194,170,147,124,113,102,91,80,69,58,47,36
3594,317,310,303,297,290,283,276,269,263,256,249,250,251,252,253,254,255,256,257
3595,113,133,154,174,195,215,235,256,276,297,317,312,307,302,297,292,287,282,277
3597,359,348,337,325,314,303,292,281,269,258,247,240,233,226,219,212,205,198,191
3608,1451,1436,1420,1405,1389,1374,1359,1343,1328,1312,1297,1323,1350,1376,1403,1429,1455,1482,1508
3610,637,641,644,648,651,655,659,662,666,669,673,674,675,676,677,678,679,680,681
3612,1117,1095,1072,1050,1027,1005,983,960,938,915,893,908,923,938,953,968,983,998,1013
3614,333,328,323,318,313,308,303,298,293,288,283,295,307,318,330,342,354,366,377
3616,1881,1912,1942,1973,2003,2034,2065,2095,2126,2156,2187,2210,2234,2257,2281,2304,2327,2351,2374
3618,334,331,327,324,320,317,314,310,307,303,300,299,297,296,294,293,292,290,289
3620,3264,3286,3308,3329,3351,3373,3395,3417,3438,3460,3482,3506,3530,3555,3579,3603,3627,3651,3676
3621,772,787,803,818,834,849,864,880,895,911,926,935,944,952,961,970,979,988,996
3622,151,149,147,146,144,142,140,138,137,135,133,147,160,174,187,201,215,228,242
3623,454,452,450,448,446,444,442,440,438,436,434,433,432,430,429,428,427,426,424
3624,272,269,267,264,262,259,256,254,251,249,246,247,247,248,248,249,250,250,251
3629,3452,3508,3564,3621,3677,3733,3789,3845,3902,3958,4014,4046,4079,4111,4144,4176,4208,4241,4273
3630,10800,10973,11146,11319,11492,11665,11838,12011,12184,12357,12530,12707,12884,13061,13238,13415,13592,13769,13946
3631,2371,2517,2664,2810,2957,3103,3249,3396,3542,3689,3835,3935,4035,4136,4236,4336,4436,4536,4637
3633,242,242,242,241,241,241,241,241,240,240,240,242,244,245,247,249,251,253,254
3634,750,743,736,728,721,714,707,700,692,685,678,686,694,703,711,719,727,735,744
3635,73,94,115,137,158,179,200,221,243,264,285,278,270,263,255,248,241,233,226
3636,2644,2623,2602,2582,2561,2540,2519,2498,2478,2457,2436,2433,2429,2426,2422,2419,2416,2412,2409
3637,262,264,266,268,270,272,274,276,278,280,282,272,262,251,241,231,221,211,200
3638,409,464,519,574,629,684,739,794,849,904,959,962,964,967,969,972,975,977,980
3639,664,627,591,554,518,481,444,408,371,335,298,301,305,308,312,315,318,322,325
3640,175,202,229,256,283,310,337,364,391,418,445,432,419,406,393,380,367,354,341
3641,267,293,319,345,371,397,423,449,475,501,527,529,530,532,533,535,537,538,540
3646,385,383,381,380,378,376,374,372,371,369,367,343,319,294,270,246,222,198,173
3649,255,248,241,234,227,220,213,206,199,192,185,189,193,197,201,205,209,213,217
3658,1706,1785,1864,1944,2023,2102,2181,2260,2340,2419,2498,2536,2574,2612,2650,2688,2726,2764,2802
3659,928,873,818,762,707,652,597,542,486,431,376,372,369,365,362,358,354,351,347
3660,3622,3605,3588,3571,3554,3537,3520,3503,3486,3469,3452,3477,3501,3526,3550,3575,3600,3624,3649
3662,452,436,420,405,389,373,357,341,326,310,294,290,287,283,280,276,272,269,265
3664,240,265,290,314,339,364,389,414,438,463,488,490,492,495,497,499,501,503,506
3666,1853,1930,2007,2085,2162,2239,2316,2393,2471,2548,2625,2609,2592,2576,2559,2543,2527,2510,2494
3669,670,656,643,629,616,602,588,575,561,548,534,571,608,644,681,718,755,792,828
3670,23,55,86,118,149,181,213,244,276,307,339,327,315,303,291,279,267,255,243
3672,3355,3519,3683,3846,4010,4174,4338,4502,4665,4829,4993,5016,5040,5063,5087,5110,5133,5157,5180
3673,1794,1689,1585,1480,1376,1271,1166,1062,957,853,748,757,765,774,782,791,800,808,817
3675,1183,1128,1073,1019,964,909,854,799,745,690,635,670,705,740,775,810,845,880,915
3677,6133,6321,6510,6698,6887,7075,7263,7452,7640,7829,8017,8123,8229,8334,8440,8546,8652,8758,8863
3678,2535,2558,2582,2605,2629,2652,2675,2699,2722,2746,2769,2758,2747,2737,2726,2715,2704,2693,2683
3682,361,353,344,336,327,319,311,302,294,285,277,272,268,263,259,254,249,245,240
3683,714,719,724,730,735,740,745,750,756,761,766,770,775,779,784,788,792,797,801
3685,1044,1054,1063,1073,1082,1092,1102,1111,1121,1130,1140,1172,1204,1235,1267,1299,1331,1363,1394
3687,277,290,302,315,327,340,353,365,378,390,403,418,432,447,461,476,491,505,520
3688,342,356,371,385,400,414,428,443,457,472,486,485,484,483,482,481,480,479,478
3690,11417,11592,11768,11943,12119,12294,12469,12645,12820,12996,13171,13452,13733,14015,14296,14577,14858,15139,15421
3694,0,0,0,0,0,0,31,62,92,123,154,123,92,62,31,0,0,0,0
3695,165,167,169,172,174,176,178,180,183,185,187,186,186,185,185,184,183,183,182
3697,288,289,291,292,294,295,296,298,299,301,302,299,296,294,291,288,285,282,280
3698,507,511,515,518,522,526,530,534,537,541,545,532,519,507,494,481,468,455,443
3699,678,685,692,698,705,712,719,726,732,739,746,769,792,815,838,861,884,907,930
3700,483,491,499,508,516,524,532,540,549,557,565,576,587,598,609,620,631,642,653
3701,761,747,732,718,703,689,675,660,646,631,617,618,619,619,620,621,622,623,623
3705,144,154,164,174,184,194,204,214,224,234,244,222,200,178,156,134,112,90,68
3709,142,146,150,155,159,163,167,171,176,180,184,182,181,179,178,176,174,173,171
3711,390,367,344,322,299,276,253,230,208,185,162,192,222,253,283,313,343,373,404
3712,0,0,0,14,45,75,105,136,166,197,227,225,224,222,221,219,217,216,214
3713,1051,1034,1016,999,981,964,947,929,912,894,877,873,869,865,861,857,853,849,845
3714,1790,1787,1784,1781,1778,1775,1772,1769,1766,1763,1760,1788,1815,1843,1870,1898,1926,1953,1981
3717,1195,1226,1257,1287,1318,1349,1380,1411,1441,1472,1503,1494,1485,1475,1466,1457,1448,1439,1429
3719,0,31,62,94,125,156,187,218,250,281,312,295,278,260,243,226,209,192,174
3720,998,960,922,885,847,809,771,733,696,658,620,626,632,637,643,649,655,661,666
3722,1509,1582,1655,1729,1802,1875,1948,2021,2095,2168,2241,2283,2325,2366,2408,2450,2492,2534,2575
3723,3094,3075,3055,3036,3016,2997,2978,2958,2939,2919,2900,2929,2957,2986,3014,3043,3072,3100,3129
3725,251,241,230,220,209,199,189,178,168,157,147,173,200,226,253,279,305,332,358
3726,0,0,45,93,140,188,236,283,331,378,426,381,336,292,247,202,157,112,68
3727,290,278,266,255,243,231,219,207,196,184,172,166,160,153,147,141,135,129,122
3728,468,451,434,416,399,382,365,348,330,313,296,298,300,302,304,306,308,310,312
3730,3070,3162,3255,3347,3440,3532,3624,3717,3809,3902,3994,4077,4159,4242,4324,4407,4490,4572,4655
3732,318,308,297,287,276,266,256,245,235,224,214,228,242,256,270,284,298,312,326
3733,90,104,118,133,147,161,175,189,204,218,232,208,184,160,136,112,88,64,40
3735,436,418,399,381,362,344,326,307,289,270,252,256,260,264,268,272,276,280,284
3737,2068,2063,2057,2052,2046,2041,2036,2030,2025,2019,2014,2031,2047,2064,2080,2097,2114,2130,2147
3739,0,18,37,57,76,95,114,133,153,172,191,177,163,150,136,122,108,94,81
3740,507,507,507,506,506,506,506,506,505,505,505,514,523,533,542,551,560,569,579
3741,1754,1819,1884,1950,2015,2080,2145,2210,2276,2341,2406,2376,2346,2317,2287,2257,2227,2197,2168
3744,413,390,367,344,321,298,275,252,229,206,183,201,219,237,255,273,291,309,327
3746,107,109,112,114,117,119,121,124,126,129,131,140,150,159,169,178,187,197,206
3747,1728,1749,1770,1791,1812,1833,1854,1875,1896,1917,1938,1967,1997,2026,2056,2085,2114,2144,2173
3749,871,857,843,830,816,802,788,774,761,747,733,746,759,772,785,798,811,824,837
3750,79,92,104,117,129,142,155,167,180,192,205,770,1335,1899,2464,3029,3594,4159,4723
3752,1166,1744,2322,2901,3479,4057,4635,5213,5792,6370,6948,7170,7393,7615,7838,8060,8282,8505,8727
3753,560,536,512,487,463,439,415,391,366,342,318,408,498,588,678,768,858,948,1038
3754,0,0,0,0,329,1365,2401,3438,4474,5511,6547,7901,9254,10608,11961,13315,14669,16022,17376
3756,1781,1935,2089,2243,2397,2551,2705,2859,3013,3167,3321,3522,3723,3925,4126,4327,4528,4729,4931
3757,2621,2655,2690,2724,2759,2793,2827,2862,2896,2931,2965,3053,3142,3230,3319,3407,3495,3584,3672
3758,277,324,371,419,466,513,560,607,655,702,749,754,758,763,767,772,777,781,786
3759,615,594,573,551,530,509,488,467,445,424,403,399,395,392,388,384,380,376,373
3761,675,649,623,598,572,546,520,494,469,443,417,423,428,434,439,445,451,456,462
3763,635,623,612,600,589,577,565,554,542,531,519,550,581,611,642,673,704,735,765
3764,2151,2231,2311,2390,2470,2550,2630,2710,2789,2869,2949,3082,3215,3349,3482,3615,3748,3881,4015
3765,2127,2159,2191,2224,2256,2288,2320,2352,2385,2417,2449,2451,2453,2454,2456,2458,2460,2462,2463
3766,485,490,494,499,503,508,513,517,522,526,531,536,541,545,550,555,560,565,569
3767,540,540,540,540,540,540,540,540,540,540,540,539,538,537,536,535,534,533,532
3770,1141,1144,1146,1149,1151,1154,1157,1159,1162,1164,1167,1171,1175,1180,1184,1188,1192,1196,1201
3775,1648,1625,1601,1578,1554,1531,1508,1484,1461,1437,1414,1435,1456,1478,1499,1520,1541,1562,1584
3777,3935,3987,4039,4090,4142,4194,4246,4298,4349,4401,4453,4472,4492,4511,4531,4550,4569,4589,4608
3778,54,77,100,124,147,170,193,216,240,263,286,248,211,173,136,98,60,23,0
3779,590,550,509,469,428,388,348,307,267,226,186,201,217,232,248,263,278,294,309
3781,1658,1654,1650,1646,1642,1638,1634,1630,1626,1622,1618,1628,1638,1648,1658,1668,1678,1688,1698
3782,2493,2535,2578,2620,2663,2705,2747,2790,2832,2875,2917,2923,2930,2936,2943,2949,2955,2962,2968
3783,402,443,484,525,566,607,648,689,730,771,812,820,828,837,845,853,861,869,878
3785,0,0,0,0,0,0,0,0,0,0,0,6,12,17,23,29,35,41,46
3786,601,605,608,612,615,619,623,626,630,633,637,627,616,606,595,585,575,564,554
3787,274,292,311,329,348,366,384,403,421,440,458,446,435,423,412,400,388,377,365
3788,832,825,817,810,802,795,788,780,773,765,758,763,768,772,777,782,787,792,796
3789,56,63,71,78,86,93,100,108,115,123,130,129,128,127,126,125,124,123,122
3791,415,438,460,483,505,528,551,573,596,618,641,632,624,615,607,598,589,581,572
3792,353,359,364,370,375,381,387,392,398,403,409,406,403,400,397,394,391,388,385
3793,1310,1315,1320,1325,1330,1335,1340,1345,1350,1355,1360,1366,1372,1379,1385,1391,1397,1403,1410
3795,1026,970,915,859,804,748,692,637,581,526,470,462,454,446,438,430,422,414,406
3796,3011,3046,3081,3116,3151,3186,3221,3256,3291,3326,3361,3391,3421,3451,3481,3511,3541,3571,3601
3797,1049,1078,1106,1135,1163,1192,1221,1249,1278,1306,1335,1365,1394,1424,1453,1483,1513,1542,1572
3799,2438,2490,2543,2595,2648,2700,2752,2805,2857,2910,2962,2944,2926,2909,2891,2873,2855,2837,2820
3800,72,65,58,50,43,36,29,22,14,7,0,0,0,0,0,0,0,0,0
3802,7813,7866,7918,7971,8023,8076,8129,8181,8234,8286,8339,8380,8422,8463,8505,8546,8587,8629,8670
3803,3158,3192,3227,3261,3296,3330,3364,3399,3433,3468,3502,3541,3580,3618,3657,3696,3735,3774,3812
3804,1476,1525,1574,1623,1672,1721,1770,1819,1868,1917,1966,2056,2146,2237,2327,2417,2507,2597,2688
3805,15999,16185,16371,16556,16742,16928,17114,17300,17485,17671,17857,17972,18088,18203,18319,18434,18549,18665,18780
3806,10902,11435,11968,12502,13035,13568,14101,14634,15168,15701,16234,16438,16642,16846,17050,17254,17458,17662,17866
3807,849,993,1137,1282,1426,1570,1714,1858,2003,2147,2291,2323,2355,2386,2418,2450,2482,2514,2545
3808,1078,1069,1060,1052,1043,1034,1025,1016,1008,999,990,990,989,989,988,988,988,987,987
3809,1037,1006,975,943,912,881,850,819,787,756,725,1121,1517,1913,2309,2705,3101,3497,3893
3810,2923,4004,5085,6166,7247,8328,9409,10490,11571,12652,13733,14581,15429,16276,17124,17972,18820,19668,20515
3812,968,955,942,929,916,903,890,877,864,851,838,838,837,837,836,836,836,835,835
3813,0,0,0,3,57,112,167,221,276,330,385,374,363,351,340,329,318,307,295
3814,684,689,694,700,705,710,715,720,726,731,736,760,784,807,831,855,879,903,926
3815,882,904,926,948,970,992,1014,1036,1058,1080,1102,1111,1120,1128,1137,1146,1155,1164,1172
3816,899,890,880,871,861,852,843,833,824,814,805,862,918,975,1031,1088,1145,1201,1258
3818,2596,2841,3086,3332,3577,3822,4067,4312,4558,4803,5048,5218,5387,5557,5726,5896,6066,6235,6405
3820,3998,4206,4414,4621,4829,5037,5245,5453,5660,5868,6076,6238,6400,6563,6725,6887,7049,7211,7374
3821,1208,1194,1180,1167,1153,1139,1125,1111,1098,1084,1070,1092,1114,1137,1159,1181,1203,1225,1248
3822,52,88,123,159,194,230,266,301,337,372,408,397,385,374,362,351,340,328,317
3823,584,604,624,644,664,684,704,724,744,764,784,797,811,824,838,851,864,878,891
3824,1787,1814,1842,1869,1897,1924,1951,1979,2006,2034,2061,2078,2095,2112,2129,2146,2163,2180,2197
3825,8988,9057,9126,9196,9265,9334,9403,9472,9542,9611,9680,9739,9798,9857,9916,9975,10034,10093,10152
3831,675,673,671,670,668,666,664,662,661,659,657,673,690,706,723,739,755,772,788
3832,29,46,62,79,95,112,129,145,162,178,195,184,172,161,149,138,127,115,104
3833,249,255,261,268,274,280,286,292,299,305,311,298,285,271,258,245,232,219,205
3835,0,0,0,8,41,73,105,138,170,203,235,227,219,210,202,194,186,178,169
3840,7512,7534,7557,7579,7602,7624,7646,7669,7691,7714,7736,7791,7846,7900,7955,8010,8065,8120,8174
3842,1759,1783,1807,1832,1856,1880,1904,1928,1953,1977,2001,2022,2043,2065,2086,2107,2128,2149,2171
3844,9437,9689,9941,10193,10445,10697,10949,11201,11453,11705,11957,12142,12327,12511,12696,12881,13066,13251,13435
3847,832,843,854,866,877,888,899,910,922,933,944,945,945,946,946,947,948,948,949
3850,5270,5386,5503,5619,5736,5852,5968,6085,6201,6318,6434,6535,6636,6736,6837,6938,7039,7140,7240
3851,3540,3562,3584,3607,3629,3651,3673,3695,3718,3740,3762,3863,3963,4064,4164,4265,4366,4466,4567
3852,0,0,0,0,2,5,8,12,15,19,22,20,17,15,12,10,8,5,3
3854,459,469,479,489,499,509,519,529,539,549,559,554,549,544,539,534,529,524,519
3856,326,330,334,337,341,345,349,353,356,360,364,369,374,378,383,388,393,398,402
3857,323,306,290,273,257,240,223,207,190,174,157,155,154,152,151,149,147,146,144
3858,852,905,957,1010,1062,1115,1168,1220,1273,1325,1378,1382,1387,1391,1396,1400,1404,1409,1413
3859,755,716,678,639,601,562,523,485,446,408,369,370,371,372,373,374,375,376,377
3860,2668,2729,2790,2851,2912,2973,3034,3095,3156,3217,3278,3307,3336,3364,3393,3422,3451,3480,3508
3862,941,993,1045,1096,1148,1200,1252,1304,1355,1407,1459,1447,1435,1422,1410,1398,1386,1374,1361
3865,93,101,110,118,127,135,143,152,160,169,177,178,178,179,179,180,181,181,182
3869,404,425,445,466,486,507,528,548,569,589,610,624,637,651,664,678,692,705,719
3870,608,620,633,645,658,670,682,695,707,720,732,709,685,662,638,615,592,568,545
3871,1041,1060,1080,1099,1119,1138,1157,1177,1196,1216,1235,1245,1256,1266,1277,1287,1297,1308,1318
3874,383,383,384,384,385,385,385,386,386,387,387,390,394,397,401,404,407,411,414
3875,5733,5930,6127,6325,6522,6719,6916,7113,7311,7508,7705,7849,7994,8138,8283,8427,8571,8716,8860
3878,780,741,702,663,624,585,546,507,468,429,390,423,456,488,521,554,587,620,652
3880,1831,1895,1959,2022,2086,2150,2214,2278,2341,2405,2469,2489,2509,2528,2548,2568,2588,2608,2627
3882,856,815,774,732,691,650,609,568,526,485,444,453,462,472,481,490,499,508,518
3885,899,893,887,881,875,869,863,857,851,845,839,850,861,871,882,893,904,915,925
3886,115,122,130,137,145,152,159,167,174,182,189,187,185,182,180,178,176,174,171
3887,0,8,25,43,60,77,94,111,129,146,163,164,164,165,165,166,167,167,168
3888,1850,1868,1886,1903,1921,1939,1957,1975,1992,2010,2028,2021,2014,2008,2001,1994,1987,1980,1974
3889,31,57,83,109,135,161,187,213,239,265,291,267,244,220,197,173,149,126,102
3890,344,322,300,279,257,235,213,191,170,148,126,148,169,191,212,234,256,277,299
3891,243,234,224,215,205,196,187,177,168,158,149,143,137,131,125,119,113,107,101
3892,730,735,740,746,751,756,761,766,772,777,782,794,806,817,829,841,853,865,876
3895,289,273,258,242,227,211,195,180,164,149,133,132,130,129,127,126,125,123,122
3896,92,109,127,144,162,179,196,214,231,249,266,260,255,249,244,238,232,227,221
3898,467,488,509,529,550,571,592,613,633,654,675,700,726,751,777,802,827,853,878
3900,252,249,246,243,240,237,234,231,228,225,222,203,183,164,144,125,106,86,67
3902,366,348,330,312,294,276,258,240,222,204,186,186,187,187,188,188,188,189,189
3904,903,902,902,901,901,900,899,899,898,898,897,912,927,942,957,972,987,1002,1017
3909,4119,4140,4160,4181,4201,4222,4243,4263,4284,4304,4325,4357,4389,4421,4453,4485,4517,4549,4581
3910,6343,6519,6695,6870,7046,7222,7398,7574,7749,7925,8101,8222,8343,8465,8586,8707,8828,8949,9071
3911,1028,1051,1074,1097,1120,1143,1166,1189,1212,1235,1258,1270,1282,1295,1307,1319,1331,1343,1356
3912,5193,5219,5246,5272,5299,5325,5351,5378,5404,5431,5457,5504,5551,5597,5644,5691,5738,5785,5831
3913,738,790,842,893,945,997,1049,1101,1152,1204,1256,1258,1260,1261,1263,1265,1267,1269,1270
3915,2598,2733,2867,3002,3136,3271,3406,3540,3675,3809,3944,4053,4162,4270,4379,4488,4597,4706,4814
3916,809,782,755,727,700,673,646,619,591,564,537,583,628,674,719,765,811,856,902
3918,976,1008,1040,1073,1105,1137,1169,1201,1234,1266,1298,1331,1364,1397,1430,1463,1496,1529,1562
3919,978,1002,1027,1051,1076,1100,1124,1149,1173,1198,1222,1247,1273,1298,1324,1349,1374,1400,1425
3920,149,146,143,140,137,134,131,128,125,122,119,117,115,113,111,109,107,105,103
3921,84,85,87,88,90,91,92,94,95,97,98,99,99,100,100,101,102,102,103
3922,6476,6638,6799,6961,7122,7284,7446,7607,7769,7930,8092,8217,8342,8466,8591,8716,8841,8966,9090
3923,332,355,379,402,426,449,472,496,519,543,566,550,534,518,502,486,470,454,438
3925,2231,2284,2338,2391,2445,2498,2551,2605,2658,2712,2765,2797,2829,2860,2892,2924,2956,2988,3019
3926,1694,1712,1730,1747,1765,1783,1801,1819,1836,1854,1872,1864,1856,1848,1840,1832,1824,1816,1808
3927,1001,1011,1021,1030,1040,1050,1060,1070,1079,1089,1099,1119,1139,1158,1178,1198,1218,1238,1257
3928,484,465,446,427,408,389,370,351,332,313,294,290,286,283,279,275,271,267,264
3929,695,717,739,762,784,806,828,850,873,895,917,922,927,933,938,943,948,953,959
3930,6232,6269,6305,6342,6378,6415,6452,6488,6525,6561,6598,6637,6676,6715,6754,6793,6832,6871,6910
3931,9205,9334,9464,9593,9723,9852,9981,10111,10240,10370,10499,10656,10813,10970,11127,11284,11441,11598,11755
3933,278,288,299,309,320,330,340,351,361,372,382,380,379,377,376,374,372,371,369
3934,5962,6120,6278,6435,6593,6751,6909,7067,7224,7382,7540,7661,7781,7902,8022,8143,8264,8384,8505
3936,5309,5473,5637,5802,5966,6130,6294,6458,6623,6787,6951,7158,7365,7573,7780,7987,8194,8401,8609
3937,757,796,836,875,915,954,993,1033,1072,1112,1151,1097,1042,988,933,879,825,770,716
3938,1595,1619,1643,1666,1690,1714,1738,1762,1785,1809,1833,1866,1898,1931,1963,1996,2029,2061,2094
3939,7108,7255,7402,7550,7697,7844,7991,8138,8286,8433,8580,8660,8740,8820,8900,8980,9060,9140,9220
3940,3259,3259,3259,3260,3260,3260,3260,3260,3261,3261,3261,3318,3375,3432,3489,3546,3603,3660,3717
3941,10539,10633,10727,10820,10914,11008,11102,11196,11289,11383,11477,11546,11614,11683,11751,11820,11889,11957,12026
3942,3197,3211,3225,3240,3254,3268,3282,3296,3311,3325,3339,3365,3391,3416,3442,3468,3494,3520,3545
3943,2757,2772,2788,2803,2819,2834,2849,2865,2880,2896,2911,2938,2964,2991,3017,3044,3071,3097,3124
3944,1163,1180,1197,1213,1230,1247,1264,1281,1297,1314,1331,1354,1377,1400,1423,1446,1469,1492,1515
3945,908,863,819,774,730,685,640,596,551,507,462,466,469,473,476,480,484,487,491
3950,1348,1422,1497,1571,1646,1720,1794,1869,1943,2018,2092,2115,2139,2162,2186,2209,2232,2256,2279
3951,276,293,310,326,343,360,377,394,410,427,444,452,460,468,476,484,492,500,508
3953,2803,2849,2896,2942,2989,3035,3081,3128,3174,3221,3267,3311,3356,3400,3445,3489,3533,3578,3622
3954,198,194,190,186,182,178,174,170,166,162,158,159,161,162,164,165,166,168,169
3956,2202,2252,2302,2351,2401,2451,2501,2551,2600,2650,2700,2727,2754,2782,2809,2836,2863,2890,2918
3958,34,53,72,91,110,129,148,167,186,205,224,209,194,180,165,150,135,120,106
3959,1066,1067,1068,1070,1071,1072,1073,1074,1076,1077,1078,1116,1154,1192,1230,1268,1306,1344,1382
3960,1568,1543,1517,1492,1466,1441,1416,1390,1365,1339,1314,1352,1391,1429,1468,1506,1544,1583,1621
3962,456,476,496,516,536,556,576,596,616,636,656,635,613,592,570,549,528,506,485
3965,164,169,174,178,183,188,193,198,202,207,212,195,178,160,143,126,109,92,74
3966,159,182,204,227,249,272,295,317,340,362,385,365,346,326,307,287,267,248,228
3971,2431,2407,2383,2360,2336,2312,2288,2264,2241,2217,2193,2214,2235,2255,2276,2297,2318,2339,2359
3975,0,80,490,899,1309,1719,2129,2539,2948,3358,3768,3901,4033,4166,4298,4431,4564,4696,4829
3976,7179,7248,7318,7387,7457,7526,7595,7665,7734,7804,7873,7962,8051,8139,8228,8317,8406,8495,8583
3977,10527,11930,13332,14735,16137,17540,18943,20345,21748,23150,24553,26123,27693,29263,30833,32403,33973,35543,37113
3978,406,412,417,423,428,434,440,445,451,456,462,1137,1812,2486,3161,3836,4511,5186,5860
3980,1026,1046,1065,1085,1104,1124,1144,1163,1183,1202,1222,1240,1259,1277,1296,1314,1332,1351,1369
3981,1261,1302,1343,1384,1425,1466,1507,1548,1589,1630,1671,1706,1742,1777,1813,1848,1883,1919,1954
3984,2233,2309,2386,2462,2539,2615,2691,2768,2844,2921,2997,3037,3077,3116,3156,3196,3236,3276,3315
3987,261,285,310,334,359,383,407,432,456,481,505,518,531,543,556,569,582,595,607
3988,309,316,323,330,337,344,351,358,365,372,379,389,399,409,419,429,439,449,459
3991,709,660,611,562,513,464,415,366,317,268,219,214,208,203,197,192,187,181,176
3992,257,263,268,274,279,285,291,296,302,307,313,348,382,417,451,486,521,555,590
3995,4310,4407,4504,4602,4699,4796,4893,4990,5088,5185,5282,5379,5475,5572,5668,5765,5862,5958,6055
3996,2810,2941,3072,3202,3333,3464,3595,3726,3856,3987,4118,4161,4203,4246,4288,4331,4374,4416,4459
